,DateTime,temperature,power,energy,aX,aY,aZ,gX,gY,gZ
0,2021-05-11 14:41:16.999828,31.16,0.0,0.0,0.0,0.0,0.0,0.0,0.0,0.0
1,2021-05-11 14:41:29.041009,0.0,0.0,21214.0,1.0,-0.1,1.1,2.2,-67.7,-0.5
2,2021-05-11 14:41:58.979902,31.1,0.0,21214.0,1.0,-0.1,-0.2,-0.4,-2.2,0.3
3,2021-05-11 14:42:23.498991,31.16,6.79,21214.0,1.1,-0.1,1.1,3.9,83.5,0.6
4,2021-05-11 14:42:24.434556,0.0,8.54,21214.0,0.1,0.0,1.1,0.0,-0.1,0.0
5,2021-05-11 14:42:26.447879,0.0,10.69,21214.0,0.1,0.0,1.1,-0.2,0.3,-0.3
6,2021-05-11 14:42:27.462591,0.0,49.77,21214.0,0.0,0.0,1.1,0.2,-0.1,0.1
7,2021-05-11 14:42:29.444613,0.0,42.03,21214.0,0.1,0.0,1.1,-0.2,-0.2,-0.1
8,2021-05-11 14:42:30.441248,0.0,6.74,21214.0,0.1,0.0,1.1,-0.1,0.1,-0.1
9,2021-05-11 14:42:33.426870,0.0,55.36,21214.0,0.1,0.0,1.1,0.2,-0.2,0.2
10,2021-05-11 14:42:35.422292,0.0,46.69,21214.0,0.1,0.0,1.1,0.4,-0.1,-0.1
11,2021-05-11 14:42:36.422836,0.0,9.46,21214.0,0.1,0.0,1.1,0.0,0.0,-0.1
12,2021-05-11 14:42:38.446676,0.0,5.32,21214.0,0.1,0.0,1.1,0.2,0.1,-0.1
13,2021-05-11 14:42:39.448955,0.0,19.17,21214.0,0.1,0.0,1.1,0.1,0.2,0.0
14,2021-05-11 14:42:41.464060,0.0,50.53,21214.0,0.1,0.0,1.1,0.3,0.2,-0.1
15,2021-05-11 14:42:42.440629,0.0,15.43,21214.0,0.1,0.0,1.1,0.2,0.1,-0.1
16,2021-05-11 14:42:44.438369,0.0,5.29,21214.0,0.1,0.0,1.1,0.2,0.2,-0.1
17,2021-05-11 14:42:47.471575,0.0,13.54,21214.0,0.1,0.0,1.2,-1.8,0.5,0.2
18,2021-05-11 14:42:48.439967,0.0,19.01,21214.0,0.1,0.0,1.1,-0.9,0.2,0.1
19,2021-05-11 14:42:57.439571,0.0,6.36,21214.0,0.1,0.0,1.1,-3.4,0.6,0.2
20,2021-05-11 14:43:02.433571,0.0,7.57,21214.0,0.1,0.0,1.1,1.2,-0.5,-0.2
21,2021-05-11 14:43:03.431183,0.0,12.81,21226.0,0.0,0.0,1.1,-0.3,0.3,0.0
22,2021-05-11 14:43:33.455999,0.0,12.64,21226.0,0.1,0.0,1.2,0.7,0.5,0.2
23,2021-05-11 14:43:42.445049,31.16,19.63,21226.0,0.1,0.0,1.1,0.7,-0.7,0.2
24,2021-05-11 14:43:44.433419,0.0,2129.89,21226.0,0.1,0.0,1.1,0.5,-0.5,0.3
25,2021-05-11 14:43:47.438439,0.0,277.22,21226.0,0.1,0.0,1.1,-0.4,0.1,-0.2
26,2021-05-11 14:43:48.420509,0.0,86.48,21226.0,0.1,0.0,1.1,0.0,0.3,0.0
27,2021-05-11 14:43:50.437527,0.0,80.69,21226.0,0.1,0.0,1.2,0.3,0.4,0.2
28,2021-05-11 14:43:51.420509,0.0,37.3,21226.0,0.1,0.0,1.1,0.1,0.3,-0.1
29,2021-05-11 14:43:53.419798,0.0,12.24,21226.0,0.1,0.0,1.1,0.6,0.3,0.1
30,2021-05-11 14:44:03.426483,0.0,37.52,21226.0,0.1,0.0,1.2,1.2,0.8,0.3
31,2021-05-11 14:44:05.470629,0.0,108.45,21352.0,0.1,0.0,1.1,-0.5,0.2,-0.2
32,2021-05-11 14:44:08.428791,0.0,26.83,21352.0,0.1,0.0,1.1,0.6,0.3,0.1
33,2021-05-11 14:44:09.420670,0.0,11.78,21352.0,0.1,0.0,1.1,-0.2,-0.5,0.1
34,2021-05-11 14:44:20.498139,0.0,68.0,21352.0,0.1,0.0,1.2,0.8,0.5,-0.3
35,2021-05-11 14:44:21.438297,0.0,134.5,21352.0,0.1,0.0,1.2,0.5,0.5,-0.1
36,2021-05-11 14:44:23.431998,0.0,147.94,21352.0,0.1,0.0,1.2,-0.5,0.3,0.2
37,2021-05-11 14:44:24.438889,0.0,24.73,21352.0,0.1,0.0,1.1,0.4,0.4,-0.1
38,2021-05-11 14:44:26.439838,0.0,11.91,21352.0,0.1,0.0,1.1,0.2,-0.3,0.1
39,2021-05-11 14:44:36.427064,0.0,52.08,21352.0,0.1,0.0,1.1,0.5,0.4,-0.1
40,2021-05-11 14:44:38.475493,0.0,175.47,21352.0,0.1,0.0,1.2,0.6,0.6,0.1
41,2021-05-11 14:44:41.439497,0.0,23.39,21352.0,0.1,0.0,1.2,-0.4,-0.4,0.2
42,2021-05-11 14:44:42.514410,0.0,11.95,21352.0,0.1,0.0,1.1,-0.1,0.3,0.0
43,2021-05-11 14:44:53.458394,0.0,128.72,21352.0,0.1,0.0,1.2,-0.6,0.4,0.3
44,2021-05-11 14:44:54.467421,0.0,207.24,21352.0,0.1,0.0,1.2,-0.5,-0.3,0.3
45,2021-05-11 14:44:57.438515,0.0,21.15,21352.0,0.1,0.0,1.2,1.5,-0.7,0.2
46,2021-05-11 14:44:59.422455,0.0,11.65,21352.0,0.1,0.0,1.1,0.3,-0.3,0.1
47,2021-05-11 14:45:03.420725,0.0,4.92,21400.0,0.1,0.0,1.1,0.2,-0.2,-0.1
48,2021-05-11 14:45:09.428871,0.0,2147.94,21400.0,0.1,0.0,1.1,-0.1,0.2,0.2
49,2021-05-11 14:45:11.443498,0.0,2368.76,21400.0,0.1,0.0,1.2,-1.2,0.7,-0.2
50,2021-05-11 14:45:15.457236,0.0,2132.45,21400.0,0.1,-0.1,1.2,-2.7,-0.5,0.2
51,2021-05-11 14:45:27.517463,0.0,2368.76,21400.0,0.1,0.0,1.2,-0.9,-0.8,-0.2
52,2021-05-11 14:45:32.467349,0.0,2129.89,21400.0,0.1,0.0,1.2,2.6,-0.7,0.2
53,2021-05-11 14:45:44.431712,0.0,2359.31,21400.0,0.1,0.0,1.2,-1.2,0.6,-0.3
54,2021-05-11 14:45:48.458679,0.0,2132.45,21400.0,0.1,0.0,1.2,-3.7,-0.4,0.3
55,2021-05-11 14:46:00.461783,0.0,2362.45,21400.0,0.1,0.0,1.2,0.6,0.6,0.1
56,2021-05-11 14:46:05.444274,0.0,2132.45,23192.0,0.1,0.0,1.2,-1.0,0.6,0.1
57,2021-05-11 14:46:17.526270,0.0,2349.93,23192.0,0.1,0.0,1.2,0.7,-0.6,0.3
58,2021-05-11 14:46:21.429058,0.0,2129.89,23192.0,0.1,0.0,1.2,-0.5,-0.9,-0.2
59,2021-05-11 14:46:32.452148,0.0,2254.38,23192.0,0.1,0.0,1.1,0.4,0.5,-0.2
60,2021-05-11 14:46:38.431024,0.0,2129.89,23192.0,0.1,0.0,1.2,0.5,0.5,0.2
61,2021-05-11 14:46:48.425897,0.0,2292.25,23192.0,0.1,0.0,1.1,-0.2,-0.4,0.2
62,2021-05-11 14:46:54.427681,0.0,2147.94,23192.0,0.1,0.0,1.2,0.6,0.9,0.2
63,2021-05-11 14:47:05.455525,0.0,2328.35,23192.0,0.1,0.0,1.1,0.6,0.2,-0.2
64,2021-05-11 14:47:11.475219,0.0,2140.17,25395.0,0.1,0.0,1.1,-0.6,-0.8,0.3
65,2021-05-11 14:47:21.521266,0.0,2334.47,25395.0,0.1,-0.1,1.1,-0.8,-0.4,-0.1
66,2021-05-11 14:47:26.435503,0.0,2206.72,25395.0,0.1,0.0,1.1,2.5,1.6,0.1
67,2021-05-11 14:47:38.452518,0.0,2356.18,25395.0,0.1,0.0,1.2,0.5,-0.7,-0.2
68,2021-05-11 14:47:42.450219,0.0,2193.08,25395.0,0.1,0.0,1.1,-1.2,-0.8,-0.1
69,2021-05-11 14:47:54.436940,0.0,2356.18,25395.0,0.1,0.0,1.1,-1.5,0.6,0.2
70,2021-05-11 14:47:59.463024,0.0,2182.29,25395.0,0.1,0.0,1.2,-0.9,-0.7,-0.2
71,2021-05-11 14:48:11.427391,0.0,2397.57,27606.0,0.1,-0.1,1.1,1.5,-0.4,0.2
72,2021-05-11 14:48:15.434541,0.0,2166.3,27606.0,0.1,0.0,1.1,0.9,0.6,0.2
73,2021-05-11 14:48:27.445499,0.0,2384.68,27606.0,0.1,0.0,1.1,-1.0,-0.9,-0.4
74,2021-05-11 14:48:32.449244,0.0,2168.95,27606.0,0.1,0.0,1.2,-0.9,0.9,0.2
75,2021-05-11 14:48:44.462139,0.0,2391.11,27606.0,0.1,0.0,1.2,0.4,-1.1,0.2
76,2021-05-11 14:48:48.449387,0.0,2145.34,27606.0,0.1,0.0,1.2,0.4,-0.5,0.2
77,2021-05-11 14:49:00.432626,0.0,2387.89,27606.0,0.1,0.0,1.1,0.4,0.7,0.2
78,2021-05-11 14:49:05.425215,0.0,2147.94,29809.0,0.1,0.0,1.2,1.1,-1.0,-0.2
79,2021-05-11 14:49:17.513570,0.0,2387.89,29809.0,0.1,0.0,1.2,2.2,0.4,-0.2
80,2021-05-11 14:49:21.434903,0.0,2137.59,29809.0,0.1,0.0,1.2,-3.8,-1.0,0.4
81,2021-05-11 14:49:33.456553,0.0,2371.93,29809.0,0.1,0.0,1.1,1.3,-0.4,0.2
82,2021-05-11 14:49:38.440909,0.0,2142.75,29809.0,0.1,0.0,1.2,-1.0,-0.7,0.2
83,2021-05-11 14:49:50.436673,0.0,2343.73,29809.0,0.1,0.0,1.2,-0.4,-0.9,-0.2
84,2021-05-11 14:49:54.454429,0.0,2129.89,29809.0,0.1,0.0,1.2,0.8,0.8,0.3
85,2021-05-11 14:50:05.447341,0.0,2265.9,29809.0,0.1,0.0,1.1,0.3,0.2,0.2
86,2021-05-11 14:50:11.441961,0.0,2119.71,32018.0,0.1,0.0,1.2,1.2,0.9,-0.2
87,2021-05-11 14:50:21.550317,0.0,2283.4,32018.0,0.1,0.0,1.1,0.6,-0.3,0.2
88,2021-05-11 14:50:27.449009,0.0,2117.18,32018.0,0.1,0.0,1.2,0.8,0.6,0.3
89,2021-05-11 14:50:38.439070,0.0,2304.16,32018.0,0.1,0.0,1.2,-0.5,-0.4,0.3
90,2021-05-11 14:50:42.447810,0.0,2168.95,32018.0,0.1,0.1,1.2,1.1,1.1,0.2
91,2021-05-11 14:50:54.433370,0.0,2340.63,32018.0,0.1,0.0,1.2,-2.1,-0.7,0.2
92,2021-05-11 14:50:59.437779,0.0,2155.77,32018.0,0.1,0.0,1.2,-1.3,-0.2,-0.1
93,2021-05-11 14:51:11.471323,0.0,2362.45,34200.0,0.1,0.0,1.2,0.3,-0.4,0.2
94,2021-05-11 14:51:15.448849,0.0,2153.16,34200.0,0.1,0.0,1.2,-1.8,0.7,-0.1
95,2021-05-11 14:51:27.457833,0.0,2365.6,34200.0,0.1,0.0,1.1,-0.6,-0.4,0.2
96,2021-05-11 14:51:32.438245,0.0,2122.25,34200.0,0.1,0.0,1.2,-0.6,0.6,-0.2
97,2021-05-11 14:51:44.453611,0.0,2365.6,34200.0,0.1,0.0,1.1,1.5,1.0,0.2
98,2021-05-11 14:51:48.491862,0.0,2117.18,34200.0,0.1,0.0,1.1,-0.9,-0.9,0.1
99,2021-05-11 14:52:00.462918,0.0,2368.76,34200.0,0.1,0.0,1.2,0.2,-0.5,0.1
100,2021-05-11 14:52:05.429662,0.0,2119.71,36377.0,0.1,0.0,1.2,0.9,0.7,-0.1
101,2021-05-11 14:52:17.541778,0.0,2368.76,36377.0,0.1,0.0,1.2,-1.5,0.5,-0.3
102,2021-05-11 14:52:21.454999,0.0,2127.34,36377.0,0.1,0.0,1.2,-1.4,-0.6,-0.2
103,2021-05-11 14:52:33.446254,0.0,2365.6,36377.0,0.1,0.0,1.1,-0.4,-0.2,0.2
104,2021-05-11 14:52:38.430500,0.0,2117.18,36377.0,0.1,0.0,1.2,0.8,0.5,-0.1
105,2021-05-11 14:52:50.445334,0.0,2331.41,36377.0,0.1,0.0,1.1,-1.2,-0.4,-0.3
106,2021-05-11 14:52:54.443332,0.0,2114.66,36377.0,0.1,0.0,1.2,-1.9,0.4,-0.3
107,2021-05-11 14:53:05.438723,0.0,2234.51,36377.0,0.1,0.0,1.1,-0.2,0.1,0.2
108,2021-05-11 14:53:11.446909,0.0,2117.18,38564.0,0.1,0.0,1.2,0.6,-0.6,0.1
109,2021-05-11 14:53:14.429129,0.0,85.24,38564.0,0.1,0.0,1.1,0.1,0.2,0.2
110,2021-05-11 14:53:15.439118,0.0,3.85,38564.0,0.1,0.0,1.1,0.0,0.1,0.1
111,2021-05-11 14:53:21.445646,0.0,19.46,38564.0,0.1,0.0,1.2,0.3,0.3,-0.2
112,2021-05-11 14:53:23.441601,0.0,236.59,38564.0,0.1,0.0,1.2,-2.2,0.3,0.1
113,2021-05-11 14:53:26.445548,0.0,21.18,38564.0,0.1,-0.1,1.2,-2.5,0.4,-0.2
114,2021-05-11 14:53:27.442495,0.0,4.73,38564.0,0.1,0.0,1.1,0.0,0.2,0.0
115,2021-05-11 14:53:38.446273,0.0,44.1,38564.0,0.1,0.0,1.1,-0.5,-0.2,-0.2
116,2021-05-11 14:53:39.479891,0.0,234.22,38564.0,0.1,0.0,1.1,-0.9,-0.4,-0.1
117,2021-05-11 14:53:42.436555,0.0,19.58,38564.0,0.1,0.0,1.2,-0.4,-0.7,0.3
118,2021-05-11 14:53:44.442813,0.0,4.37,38564.0,0.1,0.0,1.1,0.1,0.1,-0.1
119,2021-05-11 14:53:54.442175,0.0,30.84,38564.0,0.1,0.0,1.2,0.4,0.3,-0.2
120,2021-05-11 14:53:56.482978,0.0,232.04,38564.0,0.0,0.0,1.2,-2.3,-0.6,-0.3
121,2021-05-11 14:53:57.448981,0.0,245.19,38564.0,0.0,0.0,1.2,-0.1,-0.5,0.1
122,2021-05-11 14:53:59.443364,0.0,16.43,38564.0,0.1,0.0,1.1,0.3,-0.2,0.1
123,2021-05-11 14:54:00.450913,0.0,4.51,39183.0,0.1,0.0,1.1,0.2,0.3,-0.1
124,2021-05-11 14:54:11.446756,0.0,100.16,39183.0,0.1,0.0,1.2,0.7,-0.4,0.2
125,2021-05-11 14:54:12.445207,0.0,236.18,39183.0,0.1,0.0,1.1,0.6,-0.5,-0.2
126,2021-05-11 14:54:15.443480,0.0,13.13,39183.0,0.1,0.0,1.1,-1.4,0.7,-0.2
127,2021-05-11 14:54:17.444407,0.0,4.51,39183.0,0.1,0.0,1.1,0.0,0.2,-0.1
128,2021-05-11 14:54:27.442468,0.0,98.31,39183.0,0.1,0.0,1.1,-1.7,-0.9,-0.3
129,2021-05-11 14:54:29.434532,0.0,233.85,39183.0,0.0,0.0,1.1,-1.0,-1.1,-0.3
130,2021-05-11 14:54:32.450838,0.0,11.24,39183.0,0.1,0.0,1.1,-0.6,-1.1,0.2
131,2021-05-11 14:54:33.449036,0.0,4.3,39183.0,0.1,0.0,1.1,0.0,0.0,0.0
132,2021-05-11 14:54:44.445440,0.0,174.45,39183.0,0.1,0.0,1.1,0.4,0.2,0.2
133,2021-05-11 14:54:45.443702,0.0,234.0,39183.0,0.1,0.0,1.0,-3.9,0.1,-0.1
134,2021-05-11 14:54:47.435612,0.0,216.66,39183.0,0.1,0.0,1.1,-0.4,-0.4,0.3
135,2021-05-11 14:54:48.442440,0.0,8.55,39183.0,0.1,0.0,1.1,0.2,0.1,0.2
136,2021-05-11 14:54:50.445678,0.0,4.42,39183.0,0.1,0.0,1.1,-0.1,0.1,0.1
137,2021-05-11 14:55:00.442901,0.0,222.05,39183.0,0.1,0.0,1.2,0.8,-0.2,0.3
138,2021-05-11 14:55:02.450394,0.0,243.34,39234.0,0.1,0.0,1.1,-1.0,-0.6,-0.4
139,2021-05-11 14:55:05.439422,0.0,8.22,39234.0,0.1,0.0,1.1,-2.6,-0.4,-0.3
140,2021-05-11 14:55:06.436972,0.0,4.21,39234.0,0.1,0.0,1.1,-0.1,0.1,0.1
141,2021-05-11 14:55:15.432032,0.0,6.07,39234.0,0.1,0.0,1.1,0.2,0.3,0.1
142,2021-05-11 14:55:17.442755,0.0,263.35,39234.0,0.1,0.0,1.1,0.7,0.3,-0.2
143,2021-05-11 14:55:18.447042,0.0,224.95,39234.0,0.0,0.0,1.2,0.2,-0.5,0.2
144,2021-05-11 14:55:20.458224,0.0,211.16,39234.0,0.1,0.0,1.1,0.6,-0.6,0.2
145,2021-05-11 14:55:21.457927,0.0,6.14,39234.0,0.1,0.0,1.1,-0.1,-0.2,-0.2
146,2021-05-11 14:55:23.447126,0.0,4.24,39234.0,0.1,0.0,1.1,0.1,0.1,-0.1
147,2021-05-11 14:55:32.450286,0.0,8.23,39234.0,0.1,0.0,1.1,0.2,-0.3,-0.2
148,2021-05-11 14:55:33.447032,0.0,259.08,39234.0,0.0,0.0,1.2,0.3,0.6,0.3
149,2021-05-11 14:55:35.451981,0.0,232.26,39234.0,0.0,0.0,1.2,1.3,0.7,-0.1
150,2021-05-11 14:55:36.454711,0.0,179.12,39234.0,0.1,-0.1,1.1,1.3,-0.6,-0.1
151,2021-05-11 14:55:38.442749,0.0,5.59,39234.0,0.1,0.0,1.1,0.2,0.1,0.0
152,2021-05-11 14:55:39.441916,0.0,4.23,39234.0,0.1,0.0,1.1,0.0,-0.1,0.0
153,2021-05-11 14:55:48.434979,0.0,8.45,39234.0,0.1,0.0,1.2,0.2,-0.3,-0.2
154,2021-05-11 14:55:50.441370,0.0,252.63,39234.0,0.1,0.0,1.2,0.2,0.5,0.1
155,2021-05-11 14:55:51.441660,0.0,231.26,39234.0,0.1,0.0,1.2,0.3,-0.9,0.0
156,2021-05-11 14:55:53.429806,0.0,143.09,39234.0,0.1,0.0,1.1,-1.2,-0.3,0.1
157,2021-05-11 14:55:54.441333,0.0,5.08,39234.0,0.1,0.0,1.1,0.0,0.0,0.0
158,2021-05-11 14:55:57.452924,0.0,4.05,39234.0,0.1,0.0,1.1,-0.1,-0.1,0.1
159,2021-05-11 14:56:05.436950,0.0,12.47,39234.0,0.1,0.0,1.1,-0.9,0.3,-0.3
160,2021-05-11 14:56:06.452543,0.0,236.72,39305.0,0.1,0.0,1.0,-1.2,-0.3,-0.2
161,2021-05-11 14:56:09.448887,0.0,75.92,39305.0,0.1,-0.1,1.2,-1.3,-0.5,0.2
162,2021-05-11 14:56:11.453012,0.0,4.51,39305.0,0.1,0.0,1.1,-0.2,-0.2,0.1
163,2021-05-11 14:56:21.463053,0.0,16.54,39305.0,0.1,0.0,1.1,-0.1,-0.2,-0.2
164,2021-05-11 14:56:23.439171,0.0,224.47,39305.0,0.1,0.0,1.1,0.6,0.5,0.3
165,2021-05-11 14:56:24.433123,0.0,211.72,39305.0,0.1,0.0,1.1,0.4,0.5,-0.1
166,2021-05-11 14:56:26.429956,0.0,66.02,39305.0,0.1,0.0,1.2,-0.6,-0.5,0.3
167,2021-05-11 14:56:27.450510,0.0,4.52,39305.0,0.1,0.0,1.1,0.2,0.1,-0.1
168,2021-05-11 14:56:38.449963,0.0,17.2,39305.0,0.1,0.0,1.2,0.2,0.3,-0.2
169,2021-05-11 14:56:39.452650,0.0,236.69,39305.0,0.1,0.0,1.2,0.2,-0.5,0.1
170,2021-05-11 14:56:42.490591,0.0,29.61,39305.0,0.1,0.0,1.2,1.5,1.1,0.2
171,2021-05-11 14:56:44.441736,0.0,4.59,39305.0,0.1,0.0,1.1,-0.2,-0.1,-0.1
172,2021-05-11 14:56:54.440879,0.0,26.33,39305.0,0.1,0.0,1.2,0.4,-0.7,-0.2
173,2021-05-11 14:56:56.456544,0.0,225.96,39305.0,0.1,0.0,1.2,-0.9,-0.4,-0.2
174,2021-05-11 14:56:59.469632,0.0,22.63,39305.0,0.1,0.0,1.2,-1.0,-0.8,0.1
175,2021-05-11 14:57:00.456429,0.0,4.67,39356.0,0.1,0.0,1.1,0.0,0.0,-0.1
176,2021-05-11 14:57:11.441966,0.0,24.86,39356.0,0.1,0.0,1.1,-0.7,-0.3,0.2
177,2021-05-11 14:57:12.446973,0.0,234.68,39356.0,0.0,0.0,1.1,-0.7,-1.0,0.1
178,2021-05-11 14:57:15.446123,0.0,18.67,39356.0,0.1,0.0,1.1,-5.9,-0.6,0.1
179,2021-05-11 14:57:17.493471,0.0,4.39,39356.0,0.1,0.0,1.1,0.2,-0.1,-0.1
180,2021-05-11 14:57:27.450693,0.0,57.27,39356.0,0.1,0.0,1.1,0.7,-0.3,0.3
181,2021-05-11 14:57:29.452942,0.0,221.5,39356.0,0.1,0.0,1.1,0.8,0.1,-0.2
182,2021-05-11 14:57:32.450359,0.0,12.61,39356.0,0.1,0.0,1.2,-1.4,-0.3,0.2
183,2021-05-11 14:57:33.445838,0.0,4.52,39356.0,0.1,0.0,1.1,-0.1,-0.1,-0.1
184,2021-05-11 14:57:44.440631,0.0,118.01,39356.0,0.1,0.0,1.2,-0.8,-0.9,-0.2
185,2021-05-11 14:57:45.431123,0.0,225.47,39356.0,0.0,0.0,1.1,0.7,-0.3,-0.1
186,2021-05-11 14:57:48.437726,0.0,10.17,39356.0,0.1,0.0,1.2,-1.2,-1.0,0.1
187,2021-05-11 14:57:50.444664,0.0,4.38,39356.0,0.1,0.0,1.1,0.1,-0.3,0.1
188,2021-05-11 14:58:00.496096,0.0,179.74,39356.0,0.1,0.0,1.1,0.6,-0.3,0.3
189,2021-05-11 14:58:02.440873,0.0,225.12,39402.0,0.1,0.0,1.1,-3.6,0.5,-0.1
190,2021-05-11 14:58:03.443387,0.0,213.86,39402.0,0.0,0.0,1.2,0.1,-0.4,0.2
191,2021-05-11 14:58:05.507356,0.0,7.43,39402.0,0.1,0.0,1.2,1.5,0.6,0.1
192,2021-05-11 14:58:06.455488,0.0,4.19,39402.0,0.1,0.0,1.1,0.2,0.1,0.1
193,2021-05-11 14:58:15.443583,0.0,6.43,39402.0,0.1,0.0,1.1,0.2,0.2,0.2
194,2021-05-11 14:58:17.468894,0.0,257.95,39402.0,0.1,0.0,1.2,-0.4,-0.1,-0.2
195,2021-05-11 14:58:18.476498,0.0,240.8,39402.0,0.0,0.0,1.1,-0.5,-1.2,0.2
196,2021-05-11 14:58:21.458537,0.0,6.44,39402.0,0.1,0.0,1.2,-1.2,-0.5,-0.1
197,2021-05-11 14:58:23.460960,0.0,4.31,39402.0,0.1,0.0,1.1,-0.1,0.1,0.1
198,2021-05-11 14:58:32.448116,0.0,6.87,39402.0,0.1,0.0,1.1,0.2,-0.3,0.2
199,2021-05-11 14:58:33.448083,0.0,256.17,39402.0,0.1,0.0,1.2,-0.3,-0.2,0.1
200,2021-05-11 14:58:35.446398,0.0,226.91,39402.0,0.1,0.0,1.2,0.3,0.2,-0.1
201,2021-05-11 14:58:36.453222,0.0,177.51,39402.0,0.1,0.0,1.2,-1.1,-0.2,-0.2
202,2021-05-11 14:58:38.450743,0.0,5.66,39402.0,0.1,0.0,1.1,-0.1,-0.2,0.2
203,2021-05-11 14:58:39.469678,0.0,4.09,39402.0,0.1,0.0,1.1,0.0,0.0,-0.1
204,2021-05-11 14:58:48.448021,0.0,9.01,39402.0,0.1,0.0,1.1,-0.2,-0.2,-0.2
205,2021-05-11 14:58:50.435716,0.0,249.15,39402.0,0.1,0.0,1.1,-0.8,-0.4,-0.3
206,2021-05-11 14:58:51.438108,0.0,232.1,39402.0,0.1,0.0,1.1,2.9,-0.7,-0.2
207,2021-05-11 14:58:53.448880,0.0,87.06,39402.0,0.0,0.0,1.1,-0.9,-0.4,-0.1
208,2021-05-11 14:58:54.439164,0.0,5.03,39402.0,0.0,0.0,1.1,0.0,0.0,0.1
209,2021-05-11 14:58:56.468680,0.0,3.94,39402.0,0.1,0.0,1.1,-0.2,0.2,-0.1
210,2021-05-11 14:59:05.447454,0.0,11.88,39402.0,0.1,0.0,1.2,0.8,-0.4,0.2
211,2021-05-11 14:59:06.457469,0.0,231.92,39470.0,0.1,0.0,1.0,0.9,0.3,-0.1
212,2021-05-11 14:59:09.445048,0.0,158.4,39470.0,0.1,0.0,1.2,-1.3,0.3,0.3
213,2021-05-11 14:59:11.460522,0.0,4.79,39470.0,0.1,0.0,1.1,-0.2,0.1,0.1
214,2021-05-11 14:59:21.495471,0.0,17.66,39470.0,0.1,0.0,1.1,0.2,-0.2,0.2
215,2021-05-11 14:59:23.500212,0.0,231.62,39470.0,0.1,0.0,1.1,0.6,-0.7,-0.3
216,2021-05-11 14:59:24.447999,0.0,218.69,39470.0,0.0,0.0,1.1,-0.1,-0.2,0.0
217,2021-05-11 14:59:26.451641,0.0,24.94,39470.0,0.1,0.0,1.1,1.2,0.4,0.1
218,2021-05-11 14:59:27.455138,0.0,4.17,39470.0,0.1,0.0,1.1,0.1,0.2,0.0
219,2021-05-11 14:59:38.452053,0.0,41.72,39470.0,0.1,0.0,1.1,-1.3,0.3,-0.2
220,2021-05-11 14:59:39.447870,0.0,229.05,39470.0,0.1,0.0,1.1,1.1,0.5,-0.1
221,2021-05-11 14:59:41.451584,0.0,215.52,39470.0,0.0,0.0,1.1,0.3,-0.5,0.2
222,2021-05-11 14:59:42.434474,0.0,12.41,39470.0,0.1,0.0,1.1,0.2,0.2,-0.1
223,2021-05-11 14:59:44.448707,0.0,4.46,39470.0,0.1,0.0,1.1,0.1,0.2,0.2
224,2021-05-11 14:59:54.453140,0.0,136.26,39470.0,0.1,0.0,1.1,-0.8,-0.6,-0.3
225,2021-05-11 14:59:56.459690,0.0,235.4,39470.0,0.0,0.0,1.2,-1.8,-0.9,0.1
226,2021-05-11 14:59:59.444231,0.0,10.74,39470.0,0.1,0.0,1.2,1.2,0.2,0.3
227,2021-05-11 15:00:00.444543,0.0,4.53,39527.0,0.1,0.0,1.1,0.2,-0.1,0.0
228,2021-05-11 15:00:11.439085,0.0,128.16,39527.0,0.1,0.0,1.2,1.3,-0.4,0.2
229,2021-05-11 15:00:12.452036,0.0,225.44,39527.0,0.1,0.0,1.1,-0.4,-0.2,0.1
230,2021-05-11 15:00:15.437404,0.0,10.22,39527.0,0.1,0.0,1.2,-1.4,0.4,0.1
231,2021-05-11 15:00:17.446528,0.0,4.43,39527.0,0.1,0.0,1.1,0.2,0.2,0.1
232,2021-05-11 15:00:27.473327,0.0,219.74,39527.0,0.1,0.0,1.1,1.9,-0.5,-0.1
233,2021-05-11 15:00:29.492877,0.0,234.13,39527.0,0.1,0.0,1.2,-0.8,-0.5,-0.2
234,2021-05-11 15:00:32.448272,0.0,8.51,39527.0,0.1,0.0,1.1,2.4,-0.7,0.2
235,2021-05-11 15:00:33.442991,0.0,4.37,39527.0,0.1,0.0,1.1,0.1,-0.2,0.1
236,2021-05-11 15:00:44.451402,0.0,207.0,39527.0,0.1,0.0,1.2,1.1,0.3,0.3
237,2021-05-11 15:00:45.455431,0.0,227.17,39527.0,0.1,0.0,1.1,0.6,-0.2,0.2
238,2021-05-11 15:00:48.446212,0.0,7.24,39527.0,0.1,0.0,1.1,-0.5,-0.3,-0.3
239,2021-05-11 15:00:50.450214,0.0,4.1,39527.0,0.1,0.0,1.1,0.2,-0.2,0.1
240,2021-05-11 15:00:59.447021,0.0,6.51,39527.0,0.1,0.0,1.2,0.3,-0.5,0.2
241,2021-05-11 15:01:00.445055,0.0,257.84,39581.0,0.1,-0.1,1.3,0.8,-0.5,0.1
242,2021-05-11 15:01:02.449937,0.0,233.75,39581.0,0.1,0.0,1.1,-1.3,-0.4,-0.1
243,2021-05-11 15:01:03.501743,0.0,199.66,39581.0,0.1,0.0,1.1,-0.5,-0.4,-0.2
244,2021-05-11 15:01:05.443416,0.0,5.79,39581.0,0.1,0.0,1.1,-0.2,-0.2,-0.1
245,2021-05-11 15:01:06.449131,0.0,4.05,39581.0,0.1,0.0,1.1,0.0,0.1,-0.1
246,2021-05-11 15:01:15.470070,0.0,8.03,39581.0,0.1,0.0,1.1,0.2,0.2,-0.2
247,2021-05-11 15:01:17.524717,0.0,253.06,39581.0,0.1,0.0,1.2,1.6,-0.3,0.2
248,2021-05-11 15:01:18.452948,0.0,218.44,39581.0,0.1,0.0,1.1,0.4,0.0,-0.1
249,2021-05-11 15:01:20.459501,0.0,178.8,39581.0,0.1,0.0,1.2,-1.3,-0.4,0.2
250,2021-05-11 15:01:21.468706,0.0,5.52,39581.0,0.1,0.0,1.1,0.2,0.2,-0.1
251,2021-05-11 15:01:23.445492,0.0,4.26,39581.0,0.1,0.0,1.1,0.1,0.2,0.2
252,2021-05-11 15:01:32.443633,0.0,7.43,39581.0,0.1,0.0,1.1,-0.5,-0.7,-0.3
253,2021-05-11 15:01:33.455305,0.0,255.17,39581.0,0.0,0.0,1.1,-1.2,-0.4,0.0
254,2021-05-11 15:01:35.450559,0.0,230.96,39581.0,0.1,0.0,1.2,1.8,0.9,0.2
255,2021-05-11 15:01:36.455633,0.0,185.06,39581.0,0.1,0.0,1.2,1.2,0.6,0.4
256,2021-05-11 15:01:38.457531,0.0,5.42,39581.0,0.1,0.0,1.1,-0.3,0.1,-0.1
257,2021-05-11 15:01:39.467477,0.0,4.09,39581.0,0.1,0.0,1.1,0.0,0.2,-0.1
258,2021-05-11 15:01:48.448344,0.0,8.72,39581.0,0.1,0.0,1.1,-0.3,-0.2,0.2
259,2021-05-11 15:01:50.452044,0.0,247.17,39581.0,0.1,0.0,1.1,-0.3,0.6,-0.1
260,2021-05-11 15:01:51.452538,0.0,220.12,39581.0,0.1,0.0,1.1,-0.4,-0.5,-0.2
261,2021-05-11 15:01:53.446159,0.0,160.01,39581.0,0.1,0.0,1.1,-1.0,0.5,-0.1
262,2021-05-11 15:01:54.452902,0.0,5.33,39581.0,0.1,0.0,1.1,0.1,0.1,0.1
263,2021-05-11 15:01:56.448766,0.0,4.22,39581.0,0.1,0.0,1.1,-0.1,0.2,0.1
264,2021-05-11 15:02:05.445368,0.0,7.83,39581.0,0.1,0.0,1.1,0.6,0.2,0.3
265,2021-05-11 15:02:06.455551,0.0,257.39,39650.0,0.0,0.0,1.1,0.2,0.4,0.0
266,2021-05-11 15:02:08.445449,0.0,231.08,39650.0,0.1,0.0,1.2,-1.3,-0.7,0.1
267,2021-05-11 15:02:09.446160,0.0,176.29,39650.0,0.1,0.0,1.0,0.1,-0.8,0.0
268,2021-05-11 15:02:11.469119,0.0,4.92,39650.0,0.1,0.0,1.1,0.4,-0.2,-0.1
269,2021-05-11 15:02:21.545649,0.0,9.98,39650.0,0.1,0.0,1.1,0.3,0.5,-0.3
270,2021-05-11 15:02:23.441620,0.0,237.7,39650.0,0.1,0.0,1.2,-0.7,-0.8,-0.2
271,2021-05-11 15:02:24.457085,0.0,217.19,39650.0,0.1,0.0,1.1,-0.5,0.5,-0.1
272,2021-05-11 15:02:26.447603,0.0,78.04,39650.0,0.1,0.0,1.2,1.6,0.3,0.2
273,2021-05-11 15:02:27.455878,0.0,4.98,39650.0,0.1,0.0,1.1,0.0,-0.1,-0.2
274,2021-05-11 15:02:38.452061,0.0,9.57,39650.0,0.1,0.0,1.1,0.3,0.3,0.2
275,2021-05-11 15:02:39.435182,0.0,252.81,39650.0,0.1,0.0,1.1,-0.8,0.4,0.1
276,2021-05-11 15:02:41.449277,0.0,227.17,39650.0,0.1,0.0,1.2,1.1,1.0,0.2
277,2021-05-11 15:02:42.447799,0.0,80.69,39650.0,0.1,0.0,1.2,1.0,-0.5,0.0
278,2021-05-11 15:02:44.496129,0.0,4.75,39650.0,0.1,0.0,1.1,0.2,-0.1,0.1
279,2021-05-11 15:02:56.472728,0.0,134.86,39650.0,0.1,0.0,1.2,-0.9,-0.3,0.2
280,2021-05-11 15:02:57.479647,0.0,226.91,39650.0,0.1,0.0,1.1,1.5,-0.3,0.3
281,2021-05-11 15:03:00.447093,0.0,11.67,39650.0,0.1,0.0,1.3,-3.5,-0.4,-0.3
282,2021-05-11 15:03:02.493786,0.0,4.48,39706.0,0.1,0.0,1.1,-0.1,-0.1,0.1
283,2021-05-11 15:03:12.516598,0.0,120.47,39706.0,0.1,0.0,1.2,0.5,-0.2,0.2
284,2021-05-11 15:03:14.446088,0.0,230.72,39706.0,0.1,0.0,1.0,-1.0,-0.4,-0.1
285,2021-05-11 15:03:17.575639,0.0,9.3,39706.0,0.1,0.0,1.1,-0.5,0.1,-0.2
286,2021-05-11 15:03:18.461232,0.0,4.34,39706.0,0.1,0.0,1.1,-0.1,0.1,-0.1
287,2021-05-11 15:03:27.456794,0.0,5.75,39706.0,0.1,0.0,1.1,-0.2,-0.2,-0.1
288,2021-05-11 15:03:29.462248,0.0,234.5,39706.0,0.1,0.0,1.1,-0.5,0.1,0.1
289,2021-05-11 15:03:32.483273,0.0,218.79,39706.0,0.1,0.0,1.2,-0.8,0.6,-0.3
290,2021-05-11 15:03:33.466768,0.0,7.13,39706.0,0.1,0.0,1.1,0.1,-0.2,0.2
291,2021-05-11 15:03:35.461587,0.0,4.31,39706.0,0.1,0.0,1.1,0.2,-0.1,0.2
292,2021-05-11 15:03:44.449030,0.0,6.54,39706.0,0.1,0.0,1.1,-0.3,-0.2,0.2
293,2021-05-11 15:03:45.452423,0.0,256.87,39706.0,0.1,0.0,1.0,0.1,-0.5,0.0
294,2021-05-11 15:03:47.445704,0.0,237.32,39706.0,0.1,0.0,1.1,-0.5,-0.7,0.0
295,2021-05-11 15:03:48.450640,0.0,219.42,39706.0,0.1,0.0,1.1,-0.1,-0.6,0.1
296,2021-05-11 15:03:50.450701,0.0,6.43,39706.0,0.1,0.0,1.1,-0.3,-0.1,-0.1
297,2021-05-11 15:03:51.453897,0.0,4.13,39706.0,0.1,0.0,1.1,0.0,0.2,0.1
298,2021-05-11 15:04:00.444190,0.0,6.1,39706.0,0.1,0.0,1.1,0.2,-0.3,0.2
299,2021-05-11 15:04:02.450570,0.0,243.07,39767.0,0.1,0.0,1.1,-0.5,-0.2,-0.1
300,2021-05-11 15:04:03.461519,0.0,221.44,39767.0,0.1,0.0,1.0,0.3,0.4,-0.2
301,2021-05-11 15:04:06.452244,0.0,6.25,39767.0,0.1,0.0,1.1,0.4,-0.3,0.1
302,2021-05-11 15:04:08.462615,0.0,4.25,39767.0,0.1,0.0,1.1,-0.2,0.1,0.0
303,2021-05-11 15:04:17.529882,0.0,7.46,39767.0,0.1,0.0,1.1,-0.3,0.2,0.3
304,2021-05-11 15:04:18.470016,0.0,261.6,39767.0,0.1,0.0,1.2,0.6,0.6,0.1
305,2021-05-11 15:04:20.458903,0.0,233.08,39767.0,0.1,-0.1,1.2,1.1,1.0,0.2
306,2021-05-11 15:04:21.454131,0.0,205.32,39767.0,0.1,0.0,1.0,0.3,-0.9,-0.3
307,2021-05-11 15:04:23.463715,0.0,5.75,39767.0,0.1,0.0,1.1,-0.2,0.1,-0.1
308,2021-05-11 15:04:24.455717,0.0,4.03,39767.0,0.1,0.0,1.1,-0.1,-0.1,-0.1
309,2021-05-11 15:04:33.461412,0.0,7.01,39767.0,0.1,0.0,1.1,0.3,0.2,-0.1
310,2021-05-11 15:04:35.455871,0.0,255.8,39767.0,0.1,0.0,1.1,-2.6,0.6,0.1
311,2021-05-11 15:04:36.459546,0.0,212.73,39767.0,0.1,0.0,1.1,0.8,-0.3,0.1
312,2021-05-11 15:04:38.460265,0.0,188.64,39767.0,0.1,0.0,1.1,-0.5,1.0,-0.2
313,2021-05-11 15:04:39.495349,0.0,5.6,39767.0,0.1,0.0,1.1,0.4,-0.1,0.1
314,2021-05-11 15:04:41.452002,0.0,4.05,39767.0,0.1,0.0,1.1,0.1,-0.1,-0.1
315,2021-05-11 15:04:50.452788,0.0,8.51,39767.0,0.1,0.0,1.2,-0.4,-0.2,-0.3
316,2021-05-11 15:04:51.455839,0.0,249.01,39767.0,0.0,0.0,1.2,-1.0,-0.5,0.1
317,2021-05-11 15:04:53.452144,0.0,227.78,39767.0,0.1,0.0,1.2,2.2,0.5,0.2
318,2021-05-11 15:04:54.449562,0.0,147.57,39767.0,0.1,0.0,1.1,0.8,0.4,-0.2
319,2021-05-11 15:04:56.487106,0.0,5.03,39767.0,0.1,0.0,1.1,0.4,0.1,-0.1
320,2021-05-11 15:04:59.472018,0.0,3.91,39767.0,0.1,0.0,1.1,0.1,0.1,-0.1
321,2021-05-11 15:05:06.461131,0.0,8.96,39837.0,0.1,0.0,1.1,0.2,0.2,0.3
322,2021-05-11 15:05:08.447275,0.0,245.73,39837.0,0.1,0.0,1.1,1.1,0.7,-0.2
323,2021-05-11 15:05:09.455481,0.0,212.94,39837.0,0.1,0.0,1.1,-0.9,0.2,-0.2
324,2021-05-11 15:05:11.459880,0.0,137.12,39837.0,0.1,0.0,1.1,0.6,0.5,0.1
325,2021-05-11 15:05:12.455646,0.0,4.47,39837.0,0.1,0.0,1.1,-0.1,0.1,0.0
326,2021-05-11 15:05:23.579765,0.0,14.77,39837.0,0.1,0.0,1.1,-1.3,-1.4,0.2
327,2021-05-11 15:05:24.458579,0.0,236.81,39837.0,0.0,0.0,1.0,-0.4,-0.8,0.1
328,2021-05-11 15:05:27.454618,0.0,40.13,39837.0,0.1,0.0,1.1,-1.1,-1.2,-0.2
329,2021-05-11 15:05:29.456879,0.0,4.3,39837.0,0.1,0.0,1.1,-0.1,-0.1,0.1
330,2021-05-11 15:05:39.466404,0.0,22.43,39837.0,0.1,0.0,1.1,-0.6,-0.6,0.2
331,2021-05-11 15:05:41.460532,0.0,221.5,39837.0,0.1,0.0,1.1,-0.3,0.3,-0.1
332,2021-05-11 15:05:44.457403,0.0,26.21,39837.0,0.1,0.0,1.2,1.6,0.5,0.2
333,2021-05-11 15:05:45.451941,0.0,4.33,39837.0,0.1,0.0,1.1,0.0,0.0,-0.1
334,2021-05-11 15:05:56.450552,0.0,54.05,39837.0,0.1,0.0,1.1,-2.0,-1.0,0.2
335,2021-05-11 15:05:57.451184,0.0,236.25,39837.0,0.1,-0.1,1.1,-0.7,-1.4,-0.1
336,2021-05-11 15:06:00.456372,0.0,12.55,39837.0,0.1,0.0,1.1,-2.0,-0.9,-0.3
337,2021-05-11 15:06:02.459853,0.0,4.42,39883.0,0.1,0.0,1.1,0.1,0.0,-0.1
338,2021-05-11 15:06:12.462784,0.0,157.48,39883.0,0.1,0.0,1.2,0.4,-0.2,0.2
339,2021-05-11 15:06:14.467446,0.0,224.72,39883.0,0.1,0.0,1.2,-0.7,0.3,-0.2
340,2021-05-11 15:06:17.465640,0.0,9.31,39883.0,0.1,0.0,1.1,-1.5,0.2,-0.2
341,2021-05-11 15:06:18.448177,0.0,4.36,39883.0,0.1,0.0,1.1,-0.1,0.0,-0.1
342,2021-05-11 15:06:29.462239,0.0,183.72,39883.0,0.1,0.0,1.1,-0.9,-0.3,-0.1
343,2021-05-11 15:06:30.449159,0.0,237.03,39883.0,0.0,0.0,1.1,-1.2,-0.6,-0.2
344,2021-05-11 15:06:32.450130,0.0,225.61,39883.0,0.1,0.0,1.2,-0.8,-0.7,-0.1
345,2021-05-11 15:06:33.499635,0.0,9.6,39883.0,0.1,0.0,1.1,0.1,0.1,-0.1
346,2021-05-11 15:06:35.454397,0.0,4.39,39883.0,0.1,0.0,1.1,0.3,-0.1,-0.2
347,2021-05-11 15:06:44.456657,0.0,5.74,39883.0,0.1,0.0,1.1,0.2,0.2,-0.2
348,2021-05-11 15:06:45.450932,0.0,233.63,39883.0,0.1,0.0,1.1,-2.0,-0.3,0.1
349,2021-05-11 15:06:48.483838,0.0,214.69,39883.0,0.1,0.0,1.2,-1.4,-0.5,-0.2
350,2021-05-11 15:06:50.490523,0.0,7.16,39883.0,0.1,0.0,1.2,-0.2,0.3,-0.1
351,2021-05-11 15:06:51.447070,0.0,4.19,39883.0,0.1,0.0,1.1,0.0,0.0,0.1
352,2021-05-11 15:07:00.455556,0.0,5.76,39883.0,0.1,0.0,1.1,0.2,0.1,0.2
353,2021-05-11 15:07:02.542173,0.0,249.22,39945.0,0.1,0.0,1.2,-0.9,-1.0,0.3
354,2021-05-11 15:07:03.450828,0.0,235.87,39945.0,0.1,0.0,1.1,0.9,0.8,0.0
355,2021-05-11 15:07:05.454539,0.0,223.25,39945.0,0.1,0.0,1.1,0.8,-0.2,-0.2
356,2021-05-11 15:07:06.467816,0.0,6.91,39945.0,0.1,0.0,1.1,-0.2,0.0,0.1
357,2021-05-11 15:07:09.450897,0.0,51.15,39945.0,0.1,0.0,1.2,1.1,-0.3,-0.2
358,2021-05-11 15:07:11.461229,0.0,255.54,39945.0,0.1,0.0,1.3,1.5,0.3,-0.3
359,2021-05-11 15:07:14.453832,0.0,108.54,39945.0,0.1,-0.1,1.2,-2.8,-1.6,-0.4
360,2021-05-11 15:07:15.455125,0.0,29.48,39945.0,0.1,0.0,1.1,-0.3,0.2,0.0
361,2021-05-11 15:07:26.445362,0.0,58.55,39945.0,0.1,0.0,1.2,0.7,-0.4,0.2
362,2021-05-11 15:07:27.463164,0.0,191.6,39945.0,0.1,0.0,0.9,-0.5,0.4,-0.1
363,2021-05-11 15:07:29.464874,0.0,164.89,39945.0,0.2,0.1,1.1,-4.0,0.6,-0.1
364,2021-05-11 15:07:30.456933,0.0,82.02,39945.0,0.2,-0.1,1.2,2.2,-0.5,0.0
365,2021-05-11 15:07:32.456175,0.0,20.01,39945.0,0.1,-0.1,1.2,3.0,-1.2,-0.1
366,2021-05-11 15:07:33.453251,0.0,18.21,39945.0,0.1,0.0,1.1,1.0,0.5,0.3
367,2021-05-11 15:07:42.452918,0.0,49.39,39945.0,0.1,-0.1,1.2,5.3,-0.8,0.2
368,2021-05-11 15:07:44.461782,0.0,166.19,39945.0,0.1,0.0,1.3,1.2,0.4,0.2
369,2021-05-11 15:07:45.463290,0.0,148.89,39945.0,0.1,0.0,1.1,-1.0,-0.5,-0.2
370,2021-05-11 15:07:47.465826,0.0,44.14,39945.0,0.1,0.0,1.1,-1.2,0.4,-0.1
371,2021-05-11 15:07:48.451187,0.0,18.14,39945.0,0.1,0.0,1.1,0.8,0.7,0.1
372,2021-05-11 15:07:54.457638,0.0,9.12,39945.0,0.1,0.0,1.1,-1.1,0.7,0.2
373,2021-05-11 15:07:56.466505,0.0,7.29,39945.0,0.1,0.0,1.1,-1.8,-1.0,-0.2
374,2021-05-11 15:07:57.455178,0.0,157.34,39945.0,0.1,0.0,1.1,-1.3,-0.2,-0.2
375,2021-05-11 15:07:59.447489,0.0,146.37,39945.0,0.1,0.0,1.2,1.2,0.7,-0.1
376,2021-05-11 15:08:00.461637,0.0,115.21,40014.0,0.1,0.0,1.1,-1.3,-0.8,-0.3
377,2021-05-11 15:08:02.460097,0.0,11.61,40014.0,0.1,0.0,1.1,0.6,-0.9,0.2
378,2021-05-11 15:08:09.450694,0.0,9.25,40014.0,0.1,0.0,1.1,0.4,0.4,-0.2
379,2021-05-11 15:08:11.457679,0.0,4.06,40014.0,0.1,0.0,1.1,0.2,-0.1,0.1
380,2021-05-11 15:08:12.466083,0.0,10.63,40014.0,0.1,0.0,1.2,0.9,0.5,0.1
381,2021-05-11 15:08:14.469422,0.0,136.49,40014.0,0.1,0.0,1.1,0.5,0.2,0.1
382,2021-05-11 15:08:17.563894,0.0,49.92,40014.0,0.1,0.0,1.2,-1.5,-0.6,0.1
383,2021-05-11 15:08:18.507796,0.0,11.89,40014.0,0.1,0.0,1.1,0.5,0.2,0.1
384,2021-05-11 15:08:29.464938,0.0,33.46,40014.0,0.1,0.0,1.2,1.1,-0.6,0.2
385,2021-05-11 15:08:30.459014,0.0,159.82,40014.0,0.1,0.0,1.0,0.2,-0.2,-0.1
386,2021-05-11 15:08:33.454196,0.0,53.21,40014.0,0.1,0.0,1.1,-0.8,-0.5,-0.2
387,2021-05-11 15:08:35.461418,0.0,11.72,40014.0,0.1,0.0,1.1,0.1,0.2,-0.1
388,2021-05-11 15:08:45.458093,0.0,41.95,40014.0,0.1,0.0,1.1,0.4,0.5,-0.3
389,2021-05-11 15:08:47.454988,0.0,180.78,40014.0,0.1,0.0,1.2,0.9,-0.3,0.3
390,2021-05-11 15:08:50.452047,0.0,33.81,40014.0,0.1,0.0,1.1,-0.3,-0.6,0.2
391,2021-05-11 15:08:51.447808,0.0,11.3,40014.0,0.0,0.0,1.1,0.1,0.2,0.1
392,2021-05-11 15:09:02.460032,0.0,49.53,40014.0,0.1,0.0,1.1,-1.0,-0.8,-0.3
393,2021-05-11 15:09:03.465555,0.0,223.31,40059.0,0.1,0.0,1.1,-0.9,-0.4,-0.2
394,2021-05-11 15:09:06.500763,0.0,30.52,40059.0,0.1,0.0,1.2,-0.7,0.5,-0.3
395,2021-05-11 15:09:08.448551,0.0,11.44,40059.0,0.1,0.0,1.1,0.5,0.5,-0.3
396,2021-05-11 15:09:18.491760,0.0,50.24,40059.0,0.1,0.0,1.1,-0.4,-0.5,-0.3
397,2021-05-11 15:09:20.451885,0.0,264.65,40059.0,0.1,0.0,1.1,0.5,0.3,0.2
398,2021-05-11 15:09:23.527454,0.0,28.82,40059.0,0.1,0.0,1.2,-0.5,-0.6,0.2
399,2021-05-11 15:09:24.465398,0.0,11.14,40059.0,0.1,0.0,1.1,0.0,-0.4,0.0
400,2021-05-11 15:09:35.482410,0.0,95.37,40059.0,0.1,0.0,1.1,1.7,-0.5,0.2
401,2021-05-11 15:09:36.462526,0.0,267.84,40059.0,0.1,0.0,1.2,-1.0,-0.6,-0.1
402,2021-05-11 15:09:38.467067,0.0,6.02,40059.0,0.1,0.0,1.1,-0.2,0.3,-0.2
403,2021-05-11 15:09:39.461898,0.0,4.16,40059.0,0.1,0.0,1.1,0.2,0.1,-0.1
404,2021-05-11 15:09:41.457723,0.0,100.99,40059.0,0.1,0.0,1.1,0.4,-0.4,0.2
405,2021-05-11 15:09:42.452292,0.0,259.96,40059.0,0.1,0.0,1.2,-0.6,-0.1,-0.1
406,2021-05-11 15:09:45.476112,0.0,12.9,40059.0,0.1,0.0,1.2,1.1,1.3,0.2
407,2021-05-11 15:09:47.466708,0.0,4.29,40059.0,0.1,0.0,1.1,-0.2,0.1,-0.1
408,2021-05-11 15:09:57.526630,0.0,101.33,40059.0,0.1,0.0,1.1,0.7,-0.2,0.2
409,2021-05-11 15:09:59.458946,0.0,264.14,40059.0,0.1,0.0,1.1,-0.4,0.4,-0.1
410,2021-05-11 15:10:02.470090,0.0,10.15,40120.0,0.1,0.0,1.1,-0.8,0.5,-0.2
411,2021-05-11 15:10:03.453177,0.0,4.3,40120.0,0.1,0.0,1.1,-0.1,0.0,0.0
412,2021-05-11 15:10:14.525248,0.0,209.96,40120.0,0.1,0.0,1.1,-0.5,0.9,-0.1
413,2021-05-11 15:10:15.455009,0.0,269.92,40120.0,0.1,0.0,1.1,-0.5,-0.5,0.0
414,2021-05-11 15:10:18.497868,0.0,7.71,40120.0,0.1,0.0,1.1,-0.8,-0.7,0.1
415,2021-05-11 15:10:20.469033,0.0,4.24,40120.0,0.1,0.0,1.1,-0.3,-0.2,0.1
416,2021-05-11 15:10:29.464293,0.0,6.01,40120.0,0.1,0.0,1.1,0.4,-0.1,-0.2
417,2021-05-11 15:10:30.475723,0.0,256.28,40120.0,0.1,0.0,1.1,0.5,0.4,-0.3
418,2021-05-11 15:10:35.463976,0.0,7.06,40120.0,0.1,0.0,1.1,-1.8,-1.0,-0.1
419,2021-05-11 15:10:36.462092,0.0,4.07,40120.0,0.1,0.0,1.1,0.0,0.1,-0.1
420,2021-05-11 15:10:39.467382,0.0,7.88,40120.0,0.1,0.0,1.1,-0.4,0.3,-0.1
421,2021-05-11 15:10:41.463618,0.0,83.28,40120.0,0.1,0.0,1.2,0.8,0.5,0.1
422,2021-05-11 15:10:42.463974,0.0,301.84,40120.0,0.1,0.0,1.1,-1.2,-0.1,0.1
423,2021-05-11 15:10:45.455153,0.0,74.01,40120.0,0.1,0.0,1.2,-1.0,-0.5,-0.2
424,2021-05-11 15:10:47.471512,0.0,29.52,40120.0,0.1,0.0,1.1,0.6,0.4,0.2
425,2021-05-11 15:10:57.465009,0.0,92.5,40120.0,0.1,0.0,1.2,-0.6,0.5,-0.2
426,2021-05-11 15:10:59.475768,0.0,222.39,40120.0,0.1,0.0,1.2,0.7,-0.5,0.2
427,2021-05-11 15:11:00.503556,0.0,201.91,40201.0,0.0,0.0,1.2,0.5,-0.2,0.2
428,2021-05-11 15:11:02.457499,0.0,57.03,40201.0,0.1,0.0,1.1,-0.5,0.4,0.1
429,2021-05-11 15:11:03.463232,0.0,29.22,40201.0,0.1,0.0,1.1,0.0,-0.3,-0.1
430,2021-05-11 15:11:12.453762,0.0,25.63,40201.0,0.1,0.0,1.2,0.7,-0.4,0.2
431,2021-05-11 15:11:14.468530,0.0,82.14,40201.0,0.1,-0.1,1.3,-5.1,-1.4,-0.3
432,2021-05-11 15:11:15.480656,0.0,165.06,40201.0,0.1,0.0,1.2,2.6,0.7,0.0
433,2021-05-11 15:11:17.492549,0.0,177.14,40201.0,0.1,0.0,1.1,0.6,0.3,0.2
434,2021-05-11 15:11:18.453345,0.0,39.04,40201.0,0.0,0.0,1.1,-1.5,-0.5,0.2
435,2021-05-11 15:11:20.457824,0.0,17.78,40201.0,0.1,0.0,1.2,-0.3,-0.3,-0.2
436,2021-05-11 15:11:30.475560,0.0,105.71,40201.0,0.1,0.0,1.2,-1.9,-0.7,-0.3
437,2021-05-11 15:11:32.464492,0.0,141.01,40201.0,0.1,0.0,1.2,-1.0,0.8,-0.2
438,2021-05-11 15:11:33.465162,0.0,155.8,40201.0,0.1,0.0,1.1,-1.1,-0.3,-0.2
439,2021-05-11 15:11:35.501595,0.0,30.16,40201.0,0.1,0.0,1.2,0.4,0.2,-0.3
440,2021-05-11 15:11:36.452199,0.0,17.49,40201.0,0.1,0.0,1.1,0.4,-0.1,0.1
441,2021-05-11 15:11:38.461213,0.0,5.73,40201.0,0.1,0.0,1.1,0.3,0.2,-0.1
442,2021-05-11 15:11:39.579089,0.0,20.25,40201.0,0.1,0.0,1.1,-1.1,0.3,-0.1
443,2021-05-11 15:11:41.456694,0.0,128.14,40201.0,0.1,0.0,1.1,1.5,-0.6,-0.2
444,2021-05-11 15:11:42.465892,0.0,147.58,40201.0,0.0,0.0,1.0,-1.4,0.3,0.2
445,2021-05-11 15:11:44.475691,0.0,31.01,40201.0,0.1,0.0,1.2,0.7,0.3,0.1
446,2021-05-11 15:11:45.460128,0.0,11.27,40201.0,0.1,0.0,1.1,-0.1,-0.6,0.1
447,2021-05-11 15:11:53.452768,0.0,6.41,40201.0,0.1,0.0,1.1,-0.5,-0.6,-0.2
448,2021-05-11 15:11:54.457654,0.0,3.91,40201.0,0.0,0.0,1.1,0.0,0.0,0.0
449,2021-05-11 15:11:56.535994,0.0,21.45,40201.0,0.1,0.0,1.2,-1.0,0.4,-0.2
450,2021-05-11 15:11:57.468403,0.0,128.66,40201.0,0.0,0.0,1.2,-0.3,-0.8,-0.1
451,2021-05-11 15:11:59.460499,0.0,140.89,40201.0,0.1,0.0,1.2,1.1,-0.5,0.1
452,2021-05-11 15:12:00.465122,0.0,25.98,40258.0,0.1,0.0,1.2,0.2,-0.3,0.1
453,2021-05-11 15:12:02.471364,0.0,11.46,40258.0,0.1,0.0,1.1,-0.3,-0.2,-0.1
454,2021-05-11 15:12:12.473819,0.0,90.51,40258.0,0.1,0.0,1.1,-1.4,-0.8,0.2
455,2021-05-11 15:12:14.476305,0.0,152.07,40258.0,0.1,0.0,1.3,0.6,-0.2,-0.2
456,2021-05-11 15:12:15.456073,0.0,171.85,40258.0,0.1,0.0,1.1,-0.2,-0.4,-0.1
457,2021-05-11 15:12:17.466712,0.0,21.28,40258.0,0.0,0.0,1.2,0.5,-0.4,0.2
458,2021-05-11 15:12:18.478378,0.0,11.13,40258.0,0.1,0.0,1.1,0.3,0.1,-0.1
459,2021-05-11 15:12:21.472198,0.0,9.93,40258.0,0.1,0.0,1.1,0.4,-0.4,0.2
460,2021-05-11 15:12:23.467038,0.0,11.57,40258.0,0.1,0.0,1.1,0.1,0.7,-0.1
461,2021-05-11 15:12:29.461518,0.0,137.39,40258.0,0.1,0.0,1.1,0.9,0.6,-0.2
462,2021-05-11 15:12:30.538250,0.0,166.36,40258.0,0.1,0.0,1.1,0.2,-0.3,-0.3
463,2021-05-11 15:12:32.456972,0.0,179.23,40258.0,0.1,0.0,1.2,1.1,-0.2,-0.1
464,2021-05-11 15:12:33.459979,0.0,20.96,40258.0,0.0,0.0,1.1,0.2,0.0,0.0
465,2021-05-11 15:12:35.461512,0.0,11.34,40258.0,0.1,0.0,1.1,-0.4,-0.4,-0.1
466,2021-05-11 15:12:44.449795,0.0,12.51,40258.0,0.1,0.0,1.1,-0.5,-0.4,0.2
467,2021-05-11 15:12:45.469334,0.0,163.63,40258.0,0.1,0.0,1.0,-0.4,-0.1,-0.1
468,2021-05-11 15:12:47.469445,0.0,231.8,40258.0,0.1,0.0,1.2,-2.1,-0.8,0.1
469,2021-05-11 15:12:50.465007,0.0,16.25,40258.0,0.1,0.0,1.1,-1.2,-1.4,-0.1
470,2021-05-11 15:12:51.475761,0.0,10.97,40258.0,0.0,0.0,1.1,0.2,-0.2,0.1
471,2021-05-11 15:13:00.469931,0.0,14.22,40258.0,0.1,0.0,1.1,0.5,0.6,0.2
472,2021-05-11 15:13:02.463614,0.0,250.84,40310.0,0.1,0.0,1.1,-1.2,-0.5,0.1
473,2021-05-11 15:13:06.461385,0.0,14.61,40310.0,0.1,0.0,1.2,-0.8,-0.7,-0.2
474,2021-05-11 15:13:08.461362,0.0,11.07,40310.0,0.0,0.0,1.1,0.2,0.2,-0.2
475,2021-05-11 15:13:17.507964,0.0,14.42,40310.0,0.1,0.0,1.1,-1.2,-0.3,0.2
476,2021-05-11 15:13:18.453438,0.0,256.76,40310.0,0.1,0.0,1.1,-0.6,-0.6,0.0
477,2021-05-11 15:13:20.474642,0.0,77.53,40310.0,0.1,0.0,1.2,0.7,-0.2,0.2
478,2021-05-11 15:13:21.469368,0.0,4.2,40310.0,0.1,0.0,1.1,0.1,-0.1,0.1
479,2021-05-11 15:13:23.466405,0.0,5.88,40310.0,0.1,0.0,1.1,-0.1,-0.4,0.2
480,2021-05-11 15:13:24.464563,0.0,250.06,40310.0,0.0,0.0,1.1,-0.1,0.5,0.1
481,2021-05-11 15:13:26.476585,0.0,277.22,40310.0,0.1,0.0,1.1,-0.9,-1.3,-0.2
482,2021-05-11 15:13:29.474487,0.0,6.05,40310.0,0.1,0.0,1.2,-0.3,0.3,0.2
483,2021-05-11 15:13:30.457546,0.0,3.99,40310.0,0.1,0.0,1.1,-0.1,0.0,0.2
484,2021-05-11 15:13:39.453659,0.0,7.48,40310.0,0.1,0.0,1.1,0.2,-0.3,0.2
485,2021-05-11 15:13:41.460135,0.0,270.17,40310.0,0.1,0.0,1.1,-0.4,0.6,0.2
486,2021-05-11 15:13:42.463919,0.0,256.8,40310.0,0.1,0.0,1.2,1.3,-0.2,0.1
487,2021-05-11 15:13:44.475096,0.0,193.16,40310.0,0.1,0.0,1.1,-0.7,-0.6,0.2
488,2021-05-11 15:13:45.529460,0.0,5.15,40310.0,0.1,0.0,1.1,0.0,-0.2,0.0
489,2021-05-11 15:13:48.559685,0.0,3.97,40310.0,0.1,0.0,1.1,0.2,-0.2,0.1
490,2021-05-11 15:13:56.466350,0.0,9.67,40310.0,0.1,0.0,1.1,-0.3,-0.4,0.2
491,2021-05-11 15:13:57.509488,0.0,272.62,40310.0,0.1,0.0,1.2,0.8,0.7,-0.1
492,2021-05-11 15:14:00.470691,0.0,152.8,40310.0,0.0,0.0,1.1,0.6,-0.9,0.2
493,2021-05-11 15:14:02.519394,0.0,4.73,40385.0,0.1,0.0,1.1,-0.2,0.2,0.1
494,2021-05-11 15:14:12.498236,0.0,10.35,40385.0,0.1,0.0,1.1,0.2,-0.2,0.2
495,2021-05-11 15:14:14.499653,0.0,271.45,40385.0,0.1,0.0,1.1,0.6,0.5,-0.1
496,2021-05-11 15:14:15.466906,0.0,256.35,40385.0,0.1,0.0,1.1,-0.5,0.4,-0.2
497,2021-05-11 15:14:17.465221,0.0,115.73,40385.0,0.1,0.0,1.1,0.4,-0.8,-0.2
498,2021-05-11 15:14:18.463662,0.0,4.54,40385.0,0.1,0.0,1.1,0.2,0.1,0.0
499,2021-05-11 15:14:23.469615,0.0,12.34,40385.0,0.1,0.0,1.2,-0.7,0.7,-0.1
500,2021-05-11 15:14:24.464583,0.0,168.11,40385.0,0.1,0.0,1.1,-0.1,0.1,-0.1
501,2021-05-11 15:14:26.463016,0.0,303.07,40385.0,0.1,0.0,1.2,-0.7,-0.9,-0.1
502,2021-05-11 15:14:29.459431,0.0,45.75,40385.0,0.1,0.0,1.1,-1.3,-0.7,-0.2
503,2021-05-11 15:14:30.453039,0.0,29.28,40385.0,0.1,0.0,1.1,0.4,-0.2,0.1
504,2021-05-11 15:14:41.460935,0.0,162.71,40385.0,0.1,0.0,1.2,-0.9,-0.6,-0.3
505,2021-05-11 15:14:42.458025,0.0,218.01,40385.0,0.1,0.0,1.2,-0.4,0.4,0.2
506,2021-05-11 15:14:44.457756,0.0,204.19,40385.0,0.1,0.0,1.2,-0.9,-0.5,0.3
507,2021-05-11 15:14:45.454129,0.0,38.9,40385.0,0.1,0.0,1.1,0.3,0.3,-0.1
508,2021-05-11 15:14:47.466744,0.0,29.1,40385.0,0.1,0.0,1.2,0.2,-0.2,-0.1
509,2021-05-11 15:14:56.478641,0.0,33.8,40385.0,0.1,0.0,1.2,-7.3,-0.5,-0.3
510,2021-05-11 15:14:57.473426,0.0,188.48,40385.0,0.1,0.0,1.3,-9.8,-0.8,-0.5
511,2021-05-11 15:14:59.461220,0.0,171.99,40385.0,0.1,-0.1,1.2,2.2,0.4,0.2
512,2021-05-11 15:15:02.467113,0.0,21.71,40466.0,0.1,0.1,1.1,2.4,0.9,-0.2
513,2021-05-11 15:15:03.478798,0.0,17.53,40466.0,0.0,0.0,1.1,-0.2,-0.4,0.1
514,2021-05-11 15:15:12.460218,0.0,25.98,40466.0,0.1,0.0,1.1,1.3,-0.7,0.3
515,2021-05-11 15:15:14.463009,0.0,169.57,40466.0,0.1,0.0,1.1,-1.6,-0.3,-0.1
516,2021-05-11 15:15:15.541560,0.0,149.97,40466.0,0.1,0.0,1.1,-1.1,0.3,-0.1
517,2021-05-11 15:15:18.468988,0.0,19.26,40466.0,0.1,0.0,1.1,-1.1,0.3,0.1
518,2021-05-11 15:15:20.474276,0.0,17.1,40466.0,0.1,0.0,1.1,-0.5,0.5,0.1
519,2021-05-11 15:15:21.474615,0.0,5.61,40466.0,0.1,0.0,1.1,-0.3,0.0,-0.1
520,2021-05-11 15:15:23.468422,0.0,13.53,40466.0,0.1,0.0,1.2,0.4,-0.5,0.2
521,2021-05-11 15:15:24.462756,0.0,140.11,40466.0,0.1,0.0,1.1,-0.3,0.4,-0.2
522,2021-05-11 15:15:27.528436,0.0,38.59,40466.0,0.1,0.0,1.1,-0.8,-0.4,-0.1
523,2021-05-11 15:15:29.456028,0.0,11.45,40466.0,0.1,0.0,1.1,0.6,-0.2,0.2
524,2021-05-11 15:15:36.474308,0.0,7.06,40466.0,0.1,0.0,1.1,0.9,-0.4,0.2
525,2021-05-11 15:15:38.465436,0.0,3.86,40466.0,0.1,0.0,1.1,0.2,0.1,0.2
526,2021-05-11 15:15:39.488553,0.0,14.59,40466.0,0.1,0.0,1.1,-0.4,0.1,-0.2
527,2021-05-11 15:15:41.460800,0.0,135.14,40466.0,0.1,0.0,1.1,-0.4,0.3,-0.2
528,2021-05-11 15:15:44.513827,0.0,44.62,40466.0,0.1,0.0,1.1,-0.5,0.4,0.2
529,2021-05-11 15:15:45.459700,0.0,18.53,40466.0,0.1,0.0,1.1,-0.1,0.1,-0.1
530,2021-05-11 15:15:53.459433,0.0,16.13,40466.0,0.1,0.0,1.1,-0.4,-0.4,-0.2
531,2021-05-11 15:15:54.469593,0.0,7.46,40466.0,0.1,0.0,1.1,0.0,0.0,0.0
532,2021-05-11 15:15:56.499594,0.0,180.62,40466.0,0.1,0.0,1.1,-0.4,-0.4,-0.3
533,2021-05-11 15:15:57.465443,0.0,153.49,40466.0,0.1,0.0,1.1,0.0,-0.3,-0.3
534,2021-05-11 15:16:00.472074,0.0,6.69,40466.0,0.1,0.0,1.2,-1.3,-0.4,-0.1
535,2021-05-11 15:16:02.468133,0.0,4.22,40520.0,0.1,0.0,1.1,0.2,0.2,0.1
536,2021-05-11 15:16:11.459273,0.0,7.17,40520.0,0.1,0.0,1.1,0.2,0.2,0.2
537,2021-05-11 15:16:12.465042,0.0,173.08,40520.0,0.1,0.0,1.1,-0.9,-0.3,-0.1
538,2021-05-11 15:16:14.473049,0.0,8.72,40520.0,0.1,0.0,1.2,-0.1,-0.3,-0.1
539,2021-05-11 15:16:15.457704,0.0,6.92,40520.0,0.0,0.0,1.1,0.2,0.5,-0.1
540,2021-05-11 15:16:17.472321,0.0,55.73,40520.0,0.1,0.0,1.1,-1.1,-0.7,-0.3
541,2021-05-11 15:16:18.546266,0.0,159.77,40520.0,0.1,0.0,1.1,-0.6,0.2,-0.3
542,2021-05-11 15:16:21.478721,0.0,41.66,40520.0,0.1,0.0,1.2,-2.5,0.7,-0.3
543,2021-05-11 15:16:23.487557,0.0,18.6,40520.0,0.1,0.0,1.1,-0.3,-0.5,-0.1
544,2021-05-11 15:16:33.466845,0.0,68.63,40520.0,0.1,0.0,1.1,-0.3,-0.5,0.2
545,2021-05-11 15:16:35.537076,0.0,186.93,40520.0,0.1,0.0,1.1,0.6,-0.3,-0.2
546,2021-05-11 15:16:38.468189,0.0,36.92,40520.0,0.1,0.0,1.2,-0.5,-0.5,-0.2
547,2021-05-11 15:16:39.470389,0.0,18.34,40520.0,0.1,0.0,1.1,-0.2,-0.4,-0.1
548,2021-05-11 15:16:50.473341,0.0,130.6,40520.0,0.1,0.0,1.2,1.0,-1.0,-0.3
549,2021-05-11 15:16:51.472203,0.0,243.68,40520.0,0.1,0.0,1.1,-1.5,-0.9,-0.3
550,2021-05-11 15:16:53.468164,0.0,225.61,40520.0,0.0,0.0,1.1,0.5,0.6,0.3
551,2021-05-11 15:16:54.462704,0.0,31.31,40520.0,0.0,0.0,1.1,-0.1,0.2,0.1
552,2021-05-11 15:16:56.462849,0.0,18.4,40520.0,0.1,0.0,1.1,-0.1,0.5,-0.1
553,2021-05-11 15:17:06.592662,0.0,151.47,40520.0,0.1,0.0,1.2,-0.9,0.7,-0.3
554,2021-05-11 15:17:08.475477,0.0,255.39,40577.0,0.1,0.0,1.2,0.3,-0.7,-0.1
555,2021-05-11 15:17:11.531206,0.0,30.37,40577.0,0.1,0.0,1.1,0.8,-0.5,0.3
556,2021-05-11 15:17:12.478343,0.0,18.21,40577.0,0.1,0.0,1.2,-0.1,-0.5,0.0
557,2021-05-11 15:17:21.523720,0.0,21.81,40577.0,0.1,0.0,1.1,0.6,-0.5,0.2
558,2021-05-11 15:17:23.464247,0.0,246.97,40577.0,0.1,0.0,1.2,-1.2,-0.9,-0.2
559,2021-05-11 15:17:24.473233,0.0,279.49,40577.0,0.1,0.0,1.0,-0.5,-1.4,0.0
560,2021-05-11 15:17:26.559962,0.0,13.18,40577.0,0.1,0.0,1.1,0.2,-0.3,-0.1
561,2021-05-11 15:17:27.478186,0.0,4.55,40577.0,0.1,0.0,1.1,0.0,-0.1,-0.2
562,2021-05-11 15:17:29.496828,0.0,9.42,40577.0,0.1,0.0,1.1,-0.6,-0.2,-0.3
563,2021-05-11 15:17:30.462825,0.0,261.3,40577.0,0.1,0.0,1.1,-0.7,-1.0,0.1
564,2021-05-11 15:17:33.479491,0.0,108.94,40577.0,0.1,0.0,1.1,0.6,0.5,0.2
565,2021-05-11 15:17:35.469430,0.0,4.83,40577.0,0.1,0.0,1.1,-0.4,0.2,0.1
566,2021-05-11 15:17:45.457718,0.0,13.8,40577.0,0.1,0.0,1.1,0.2,0.2,-0.2
567,2021-05-11 15:17:47.470408,0.0,244.41,40577.0,0.1,0.0,1.1,-0.4,0.5,-0.3
568,2021-05-11 15:17:50.483309,0.0,111.71,40577.0,0.1,0.0,1.1,-0.7,-0.1,-0.2
569,2021-05-11 15:17:51.471284,0.0,4.46,40577.0,0.1,0.0,1.1,-0.2,0.2,-0.1
570,2021-05-11 15:18:02.474511,0.0,14.22,40577.0,0.1,0.0,1.1,-0.8,-0.8,-0.3
571,2021-05-11 15:18:03.469086,0.0,267.04,40647.0,0.1,0.0,1.1,-0.4,-0.7,0.2
572,2021-05-11 15:18:05.468070,0.0,244.11,40647.0,0.1,0.0,1.1,-1.0,-0.6,-0.1
573,2021-05-11 15:18:06.470610,0.0,99.12,40647.0,0.1,0.0,1.1,-0.1,-0.6,-0.2
574,2021-05-11 15:18:08.473421,0.0,4.64,40647.0,0.1,0.0,1.1,0.2,-0.2,0.1
575,2021-05-11 15:18:18.559500,0.0,16.14,40647.0,0.1,0.0,1.2,0.8,0.7,-0.1
576,2021-05-11 15:18:20.474611,0.0,243.81,40647.0,0.1,0.0,1.2,1.6,0.2,0.1
577,2021-05-11 15:18:23.474744,0.0,29.74,40647.0,0.1,0.0,1.1,-1.4,-0.4,-0.2
578,2021-05-11 15:18:24.508788,0.0,4.39,40647.0,0.1,0.0,1.1,-0.1,0.0,0.1
579,2021-05-11 15:18:29.548343,0.0,39.05,40647.0,0.1,0.0,1.1,-1.1,0.4,-0.2
580,2021-05-11 15:18:30.475929,0.0,298.79,40647.0,0.1,0.0,1.1,-0.1,0.6,0.1
581,2021-05-11 15:18:33.477825,0.0,217.72,40647.0,0.1,0.0,1.1,-1.2,1.0,-0.2
582,2021-05-11 15:18:35.466663,0.0,29.71,40647.0,0.1,0.0,1.1,-0.2,0.4,0.1
583,2021-05-11 15:18:45.467239,0.0,47.01,40647.0,0.1,0.0,1.2,-0.7,-0.5,0.1
584,2021-05-11 15:18:47.467678,0.0,262.88,40647.0,0.1,0.0,1.2,1.1,-0.6,0.1
585,2021-05-11 15:18:48.461866,0.0,215.45,40647.0,0.1,0.0,1.2,0.1,-0.5,-0.2
586,2021-05-11 15:18:50.511351,0.0,157.15,40647.0,0.1,0.0,1.1,0.9,0.5,0.2
587,2021-05-11 15:18:51.487638,0.0,29.69,40647.0,0.1,0.0,1.1,0.0,0.1,0.0
588,2021-05-11 15:19:02.473041,0.0,40.41,40647.0,0.1,0.0,1.2,-3.9,-0.4,0.2
589,2021-05-11 15:19:03.528697,0.0,196.26,40725.0,0.1,0.0,1.1,2.3,1.0,0.2
590,2021-05-11 15:19:06.461704,0.0,81.46,40725.0,0.1,-0.1,1.2,1.6,-0.6,-0.2
591,2021-05-11 15:19:08.570570,0.0,19.25,40725.0,0.1,-0.1,1.2,-1.0,-0.6,-0.1
592,2021-05-11 15:19:14.471597,0.0,18.21,40725.0,0.1,0.0,1.2,1.1,0.4,0.3
593,2021-05-11 15:19:23.891728,0.0,42.97,40725.0,0.1,0.0,1.2,-0.9,0.7,0.3
594,2021-05-11 15:19:24.004108,0.0,150.56,40725.0,0.0,0.0,0.0,0.0,0.0,0.0
595,2021-05-11 15:19:24.124167,0.0,62.25,40725.0,0.0,0.0,0.0,0.0,0.0,0.0
596,2021-05-11 15:19:24.477706,0.0,18.49,40725.0,0.1,0.0,1.1,-0.5,-0.3,-0.1
597,2021-05-11 15:19:26.466675,0.0,16.44,40725.0,0.1,0.0,1.1,-1.3,-0.2,0.1
598,2021-05-11 15:19:27.460877,0.0,45.88,40725.0,0.1,0.0,1.1,1.6,0.9,-0.2
599,2021-05-11 15:19:29.464886,0.0,165.7,40725.0,0.1,0.0,1.1,1.4,0.7,0.1
600,2021-05-11 15:19:35.471251,0.0,142.36,40725.0,0.1,0.0,1.2,1.9,-0.8,0.3
601,2021-05-11 15:19:36.468694,0.0,135.4,40725.0,0.1,0.0,1.1,0.4,-0.4,-0.2
602,2021-05-11 15:19:38.473778,0.0,145.58,40725.0,0.1,0.0,1.2,-0.7,-0.3,0.1
603,2021-05-11 15:19:39.465452,0.0,134.45,40725.0,0.1,0.0,1.2,2.0,-0.4,0.0
604,2021-05-11 15:19:41.478564,0.0,115.23,40725.0,0.1,0.0,1.1,-2.2,0.4,0.1
605,2021-05-11 15:19:42.556912,0.0,103.42,40725.0,0.1,0.0,1.1,-1.1,0.1,0.0
606,2021-05-11 15:19:44.461065,0.0,78.93,40725.0,0.1,0.0,1.2,1.4,0.3,0.1
607,2021-05-11 15:19:45.468383,0.0,70.11,40725.0,0.1,0.0,1.1,0.2,0.4,0.0
608,2021-05-11 15:19:47.484438,0.0,64.99,40725.0,0.1,0.0,1.1,-1.2,0.7,0.1
609,2021-05-11 15:19:53.467750,0.0,59.98,40725.0,0.1,0.0,1.2,2.5,0.4,0.3
610,2021-05-11 15:20:05.471086,0.0,20.11,40725.0,0.1,-0.1,1.2,2.7,-0.5,0.2
611,2021-05-11 15:20:06.463447,0.0,18.88,40807.0,0.1,0.0,1.1,-2.6,-0.4,-0.3
612,2021-05-11 15:20:09.469343,0.0,119.31,40807.0,0.1,-0.1,1.2,2.2,-0.8,0.1
613,2021-05-11 15:20:11.495116,0.0,151.41,40807.0,0.1,-0.1,1.1,3.0,0.2,0.2
614,2021-05-11 15:20:12.465016,0.0,19.85,40807.0,0.1,0.0,1.1,-2.2,-0.2,0.1
615,2021-05-11 15:20:14.467647,0.0,18.19,40807.0,0.1,-0.1,1.1,-4.1,-0.3,0.1
616,2021-05-11 15:20:15.465364,0.0,19.5,40807.0,0.1,0.0,1.2,4.1,-0.1,0.2
617,2021-05-11 15:20:17.464030,0.0,142.97,40807.0,0.1,-0.1,1.2,-3.5,-1.1,-0.1
618,2021-05-11 15:20:20.479658,0.0,19.14,40807.0,0.1,-0.1,1.2,-3.5,0.7,0.2
619,2021-05-11 15:20:24.485837,0.0,134.18,40807.0,0.1,-0.1,1.2,-3.1,0.5,-0.2
620,2021-05-11 15:20:27.473742,0.0,19.03,40807.0,0.1,-0.1,1.2,-3.0,-0.6,0.2
621,2021-05-11 15:20:29.465731,0.0,17.98,40807.0,0.1,-0.1,1.2,1.2,0.3,0.1
622,2021-05-11 15:20:30.469770,0.0,21.25,40807.0,0.1,0.1,1.2,-1.5,-0.2,-0.1
623,2021-05-11 15:20:32.469680,0.0,157.93,40807.0,0.1,-0.1,1.2,-3.4,0.9,0.3
624,2021-05-11 15:20:33.486926,0.0,89.6,40807.0,0.1,-0.1,1.1,-3.8,0.6,-0.3
625,2021-05-11 15:20:35.470713,0.0,18.45,40807.0,0.1,0.0,1.1,3.6,0.7,0.2
626,2021-05-11 15:20:38.519415,0.0,20.84,40807.0,0.1,-0.1,1.2,-2.8,-0.8,-0.1
627,2021-05-11 15:20:39.463979,0.0,159.92,40807.0,0.0,0.0,1.1,-3.3,-0.3,-0.1
628,2021-05-11 15:20:45.475178,0.0,176.71,40807.0,0.2,-0.1,1.2,-3.4,-1.1,0.3
629,2021-05-11 15:20:47.485661,0.0,153.38,40807.0,0.1,0.1,1.1,-2.8,0.7,-0.2
630,2021-05-11 15:20:50.476649,0.0,126.39,40807.0,0.1,-0.1,1.1,4.0,0.8,0.3
631,2021-05-11 15:20:51.467772,0.0,135.04,40807.0,0.0,-0.1,1.2,3.3,0.1,0.1
632,2021-05-11 15:20:53.476516,0.0,88.71,40807.0,0.1,-0.1,1.1,-2.9,-0.4,-0.2
633,2021-05-11 15:20:54.473676,0.0,76.77,40807.0,0.1,-0.1,1.1,-1.4,-0.5,-0.1
634,2021-05-11 15:20:56.477826,0.0,72.88,40807.0,0.1,0.1,1.1,-2.9,-0.6,0.1
635,2021-05-11 15:20:57.459782,0.0,68.43,40807.0,0.1,0.0,1.1,-0.4,-0.6,0.0
636,2021-05-11 15:21:00.541402,0.0,65.06,40807.0,0.1,0.0,1.2,4.2,-0.4,0.3
637,2021-05-11 15:21:05.563289,0.0,61.38,40889.0,0.1,-0.1,1.2,3.3,0.7,0.4
638,2021-05-11 15:21:15.484250,0.0,117.74,40889.0,0.1,-0.1,1.1,-2.7,0.8,0.2
639,2021-05-11 15:21:17.559214,0.0,423.23,40889.0,0.2,-0.1,1.2,11.2,1.8,0.2
640,2021-05-11 15:21:18.470168,0.0,60.34,40889.0,0.1,-0.1,1.3,2.4,1.8,-0.1
641,2021-05-11 15:21:20.460916,0.0,19.94,40889.0,0.2,0.1,1.2,-5.6,-1.1,-0.3
642,2021-05-11 15:21:21.473232,0.0,23.05,40889.0,0.1,0.2,1.0,3.3,-0.5,-0.2
643,2021-05-11 15:21:23.472737,0.0,26.44,40889.0,0.1,-0.1,1.1,-3.7,-1.0,0.2
644,2021-05-11 15:21:26.473612,0.0,24.87,40889.0,0.1,0.0,1.1,2.2,-0.5,0.2
645,2021-05-11 15:21:27.561580,0.0,23.25,40889.0,0.1,0.0,1.2,-4.3,0.3,-0.3
646,2021-05-11 15:21:29.464222,0.0,21.55,40889.0,0.1,0.0,1.1,-3.1,-0.4,0.2
647,2021-05-11 15:21:30.476267,0.0,20.14,40889.0,0.1,0.0,1.1,-2.2,0.2,0.1
648,2021-05-11 15:21:32.477315,0.0,18.79,40889.0,0.1,0.0,1.2,-0.4,0.2,-0.1
649,2021-05-11 15:21:33.467807,0.0,95.45,40889.0,0.1,0.0,1.1,0.5,0.5,0.0
650,2021-05-11 15:21:35.471744,0.0,61.36,40889.0,0.1,0.0,1.1,-0.2,-0.4,0.1
651,2021-05-11 15:21:36.467758,0.0,4.65,40889.0,0.1,0.0,1.1,0.1,0.1,-0.1
652,2021-05-11 15:21:39.523814,0.0,6.72,40889.0,0.1,0.0,1.1,0.3,0.3,-0.1
653,2021-05-11 15:21:41.466807,0.0,90.31,40889.0,0.1,0.0,1.1,-0.1,0.3,-0.1
654,2021-05-11 15:21:42.476475,0.0,24.44,40889.0,0.1,0.0,1.1,0.4,0.0,0.2
655,2021-05-11 15:21:44.560965,0.0,4.61,40889.0,0.1,0.0,1.1,0.2,0.1,0.1
656,2021-05-11 15:21:47.463365,0.0,7.37,40889.0,0.1,0.0,1.1,-0.8,-0.1,-0.3
657,2021-05-11 15:21:48.462322,0.0,96.97,40889.0,0.1,0.0,1.1,0.3,0.1,0.1
658,2021-05-11 15:21:50.484566,0.0,36.29,40889.0,0.1,0.0,1.1,-0.6,0.3,-0.1
659,2021-05-11 15:21:51.503267,0.0,4.58,40889.0,0.1,0.0,1.1,0.1,0.2,0.2
660,2021-05-11 15:21:54.483452,0.0,8.47,40889.0,0.1,0.0,1.1,0.2,-0.1,-0.1
661,2021-05-11 15:21:56.532480,0.0,90.85,40889.0,0.1,0.0,1.1,0.4,0.4,-0.1
662,2021-05-11 15:21:57.475037,0.0,16.83,40889.0,0.1,0.0,1.1,0.0,-0.1,-0.1
663,2021-05-11 15:21:59.479771,0.0,4.45,40889.0,0.1,0.0,1.1,0.1,0.2,0.1
664,2021-05-11 15:22:02.467299,0.0,46.61,40938.0,0.1,0.0,1.2,-1.1,-0.4,-0.2
665,2021-05-11 15:22:03.480695,0.0,104.59,40938.0,0.1,0.0,1.1,0.6,0.3,0.1
666,2021-05-11 15:22:09.472706,0.0,92.57,40938.0,0.1,0.0,1.2,1.4,0.2,0.1
667,2021-05-11 15:22:11.471324,0.0,86.42,40938.0,0.1,0.0,1.2,1.3,-0.1,0.2
668,2021-05-11 15:22:15.489768,0.0,78.73,40938.0,0.1,-0.1,1.1,-1.1,0.5,-0.2
669,2021-05-11 15:22:18.567319,0.0,68.38,40938.0,0.1,0.0,1.1,1.4,-0.2,0.2
670,2021-05-11 15:22:20.467530,0.0,64.97,40938.0,0.0,0.0,1.1,0.9,-0.4,0.2
671,2021-05-11 15:22:23.494982,0.0,59.15,40938.0,0.1,0.0,1.1,-0.6,-0.3,-0.1
672,2021-05-11 15:22:26.476061,0.0,54.3,40938.0,0.1,0.0,1.2,0.8,0.4,0.2
673,2021-05-11 15:22:32.470404,0.0,51.19,40938.0,0.1,0.0,1.1,-2.0,-0.4,0.2
674,2021-05-11 15:22:35.572538,0.0,56.2,40938.0,0.1,0.0,1.1,-0.9,-0.3,0.1
675,2021-05-11 15:22:38.465386,0.0,51.52,40938.0,0.1,0.0,1.1,-1.4,-0.1,-0.1
676,2021-05-11 15:22:39.476764,0.0,26.85,40938.0,0.1,0.0,1.1,-1.6,0.3,0.1
677,2021-05-11 15:22:41.473470,0.0,18.12,40938.0,0.1,0.0,1.1,1.1,0.3,0.2
678,2021-05-11 15:22:44.472442,0.0,21.18,40938.0,0.1,0.0,1.2,1.3,-0.3,-0.2
679,2021-05-11 15:22:45.474186,0.0,125.02,40938.0,0.0,0.0,1.1,0.3,-0.4,0.0
680,2021-05-11 15:22:47.533254,0.0,59.49,40938.0,0.1,0.0,1.1,-0.3,-0.5,-0.1
681,2021-05-11 15:22:48.467593,0.0,18.09,40938.0,0.1,0.0,1.1,-0.1,0.1,0.0
682,2021-05-11 15:22:51.469736,0.0,24.29,40938.0,0.1,0.0,1.2,0.9,-0.2,-0.1
683,2021-05-11 15:22:53.475311,0.0,110.08,40938.0,0.1,0.0,1.2,-0.9,0.1,-0.3
684,2021-05-11 15:22:54.467241,0.0,48.93,40938.0,0.1,0.0,1.1,-0.3,0.1,-0.1
685,2021-05-11 15:22:56.464868,0.0,18.37,40938.0,0.1,0.0,1.1,0.8,-0.1,-0.1
686,2021-05-11 15:22:59.484817,0.0,24.83,40938.0,0.1,0.0,1.1,1.5,-0.5,-0.2
687,2021-05-11 15:23:00.480569,0.0,121.37,40996.0,0.1,0.0,1.1,0.2,0.2,-0.2
688,2021-05-11 15:23:02.470382,0.0,44.52,40996.0,0.1,0.0,1.1,0.5,0.0,0.1
689,2021-05-11 15:23:03.473556,0.0,18.31,40996.0,0.1,0.0,1.1,-1.0,-0.2,-0.3
690,2021-05-11 15:23:06.465234,0.0,30.33,40996.0,0.1,0.0,1.1,-1.2,0.2,-0.1
691,2021-05-11 15:23:08.468341,0.0,93.71,40996.0,0.1,0.0,1.1,-0.3,-0.4,-0.2
692,2021-05-11 15:23:09.558297,0.0,37.73,40996.0,0.1,0.0,1.1,1.2,0.4,0.1
693,2021-05-11 15:23:11.474007,0.0,18.48,40996.0,0.0,0.0,1.1,0.8,-0.4,-0.1
694,2021-05-11 15:23:14.580605,0.0,33.22,40996.0,0.1,0.0,1.1,-1.2,-0.8,0.2
695,2021-05-11 15:23:15.474705,0.0,103.68,40996.0,0.0,0.0,1.1,-0.2,-0.2,-0.1
696,2021-05-11 15:23:18.462099,0.0,110.6,40996.0,0.1,0.0,1.1,1.0,-0.3,0.2
697,2021-05-11 15:23:21.521207,0.0,96.37,40996.0,0.1,0.0,1.1,-1.1,-0.4,0.2
698,2021-05-11 15:23:23.475343,0.0,84.63,40996.0,0.1,0.0,1.1,-0.4,-0.4,-0.1
699,2021-05-11 15:23:26.556396,0.0,90.35,40996.0,0.1,0.0,1.1,-0.6,-0.3,0.2
700,2021-05-11 15:23:30.478151,0.0,95.26,40996.0,0.1,0.0,1.1,0.9,0.4,-0.1
701,2021-05-11 15:23:32.478070,0.0,90.25,40996.0,0.1,0.0,1.1,0.6,0.3,0.2
702,2021-05-11 15:23:33.469938,0.0,70.7,40996.0,0.1,0.0,1.1,0.7,0.5,0.1
703,2021-05-11 15:23:35.474715,0.0,62.46,40996.0,0.1,0.0,1.1,-0.9,-0.3,-0.2
704,2021-05-11 15:23:41.473645,0.0,59.44,40996.0,0.1,0.0,1.2,-0.8,-0.3,-0.2
705,2021-05-11 15:23:50.464594,0.0,68.94,40996.0,0.1,0.1,1.1,-2.6,-0.5,0.2
706,2021-05-11 15:23:51.479749,0.0,356.84,40996.0,0.1,-0.1,1.1,-1.0,-0.9,-0.1
707,2021-05-11 15:23:53.481559,0.0,218.44,40996.0,0.2,-0.1,1.2,-1.0,-0.4,-0.1
708,2021-05-11 15:23:54.475622,0.0,538.13,40996.0,0.2,0.3,1.4,8.6,3.1,-0.1
709,2021-05-11 15:23:56.484946,0.0,309.15,40996.0,0.1,0.1,1.2,-2.2,1.7,-0.3
710,2021-05-11 15:23:57.473429,0.0,209.72,40996.0,0.1,-0.1,1.3,1.3,-1.8,0.2
711,2021-05-11 15:23:59.476110,0.0,36.67,40996.0,0.1,-0.1,1.3,1.8,-1.2,-0.4
712,2021-05-11 15:24:00.520300,0.0,22.11,41097.0,0.1,0.0,1.1,-1.1,0.2,-0.5
713,2021-05-11 15:24:02.470764,0.0,24.89,41097.0,0.2,-0.2,1.1,-4.3,0.7,0.1
714,2021-05-11 15:24:05.561589,0.0,21.96,41097.0,0.2,-0.2,1.3,-3.2,1.2,0.2
715,2021-05-11 15:24:08.479252,0.0,19.7,41097.0,0.1,-0.1,1.2,1.5,1.7,0.1
716,2021-05-11 15:24:12.462183,0.0,18.59,41097.0,0.1,-0.1,1.1,-2.0,0.7,-0.2
717,2021-05-11 15:24:23.524687,0.0,22.86,41097.0,0.1,0.0,1.1,1.5,0.6,0.3
718,2021-05-11 15:24:24.467860,0.0,74.67,41097.0,0.1,0.1,1.1,-0.2,0.3,-0.1
719,2021-05-11 15:24:26.477245,0.0,12.27,41097.0,0.1,0.0,1.1,-0.2,-0.2,0.1
720,2021-05-11 15:24:27.553673,0.0,4.65,41097.0,0.1,0.0,1.1,0.2,0.0,-0.2
721,2021-05-11 15:24:30.486450,0.0,17.13,41097.0,0.1,0.0,1.1,-0.2,0.1,-0.1
722,2021-05-11 15:24:32.581947,0.0,58.92,41097.0,0.1,0.0,1.1,-0.2,-0.1,0.1
723,2021-05-11 15:24:33.475031,0.0,8.47,41097.0,0.0,0.0,1.1,0.1,0.0,0.0
724,2021-05-11 15:24:35.473727,0.0,4.45,41097.0,0.1,0.0,1.1,0.2,0.2,0.1
725,2021-05-11 15:24:39.508936,0.0,21.69,41097.0,0.1,-0.1,1.1,0.3,-0.6,-0.3
726,2021-05-11 15:24:41.475566,0.0,98.63,41097.0,0.1,-0.1,1.2,2.5,0.4,0.1
727,2021-05-11 15:24:42.474652,0.0,79.68,41097.0,0.1,0.0,1.1,-0.7,0.0,0.0
728,2021-05-11 15:24:44.554807,0.0,86.81,41097.0,0.1,-0.1,1.1,-1.4,-0.4,-0.1
729,2021-05-11 15:24:47.539687,0.0,96.84,41097.0,0.1,0.0,1.1,1.8,0.3,0.2
730,2021-05-11 15:24:54.573039,0.0,107.78,41097.0,0.1,-0.1,1.1,2.9,0.3,0.3
731,2021-05-11 15:24:59.489384,0.0,101.29,41097.0,0.1,-0.1,1.1,-2.6,0.3,-0.2
732,2021-05-11 15:25:00.473747,0.0,88.88,41142.0,0.1,0.0,1.1,-1.0,-0.7,0.3
733,2021-05-11 15:25:02.475222,0.0,74.8,41142.0,0.1,0.0,1.1,-1.0,-0.1,-0.2
734,2021-05-11 15:25:05.483961,0.0,67.65,41142.0,0.1,-0.1,1.1,2.8,-0.5,0.2
735,2021-05-11 15:25:06.524778,0.0,62.13,41142.0,0.1,0.0,1.1,-1.3,-0.5,0.1
736,2021-05-11 15:25:09.473770,0.0,57.98,41142.0,0.1,0.0,1.1,-3.2,0.2,0.2
737,2021-05-11 15:25:12.480334,0.0,63.14,41142.0,0.1,-0.1,1.1,-1.6,0.4,-0.2
738,2021-05-11 15:25:14.475944,0.0,59.88,41142.0,0.1,0.0,1.1,2.7,0.5,0.1
739,2021-05-11 15:25:15.482412,0.0,56.37,41142.0,0.1,0.0,1.1,-2.3,-0.4,-0.1
740,2021-05-11 15:25:17.477210,0.0,18.53,41142.0,0.1,0.0,1.1,1.6,-0.2,0.1
741,2021-05-11 15:25:21.571481,0.0,98.87,41142.0,0.1,0.0,1.1,-2.1,0.2,0.2
742,2021-05-11 15:25:23.478936,0.0,86.05,41142.0,0.1,-0.1,1.2,-1.1,0.0,-0.1
743,2021-05-11 15:25:24.477242,0.0,19.95,41142.0,0.1,0.0,1.1,-2.6,0.2,0.1
744,2021-05-11 15:25:26.475898,0.0,18.02,41142.0,0.1,-0.1,1.1,1.5,-0.3,0.1
745,2021-05-11 15:25:27.468949,0.0,20.24,41142.0,0.1,0.0,1.1,-1.5,0.3,0.2
746,2021-05-11 15:25:29.470820,0.0,89.12,41142.0,0.1,-0.1,1.1,-2.5,-0.2,-0.2
747,2021-05-11 15:25:30.468250,0.0,64.35,41142.0,0.1,0.0,1.1,-0.7,-0.2,0.0
748,2021-05-11 15:25:32.470779,0.0,18.38,41142.0,0.1,-0.1,1.1,-2.4,0.5,-0.2
749,2021-05-11 15:25:35.466896,0.0,21.92,41142.0,0.1,0.1,1.2,-3.5,0.5,-0.2
750,2021-05-11 15:25:36.469570,0.0,99.25,41142.0,0.0,-0.1,1.1,-2.2,-0.7,-0.1
751,2021-05-11 15:25:38.572163,0.0,63.31,41142.0,0.1,0.1,1.1,-3.6,-0.3,0.1
752,2021-05-11 15:25:39.479654,0.0,18.33,41142.0,0.0,-0.1,1.2,3.7,-0.2,0.2
753,2021-05-11 15:25:42.477668,0.0,21.31,41142.0,0.1,0.0,1.1,2.8,-0.5,0.2
754,2021-05-11 15:25:44.483571,0.0,86.5,41142.0,0.1,0.0,1.1,-2.0,-0.5,-0.1
755,2021-05-11 15:25:45.562250,0.0,51.64,41142.0,0.1,-0.1,1.1,-1.6,0.6,-0.2
756,2021-05-11 15:25:47.475589,0.0,18.54,41142.0,0.1,-0.1,1.1,-2.4,-0.3,0.1
757,2021-05-11 15:25:50.511307,0.0,25.92,41142.0,0.1,-0.1,1.1,-3.4,-0.7,0.2
758,2021-05-11 15:25:51.474936,0.0,92.54,41142.0,0.0,-0.1,1.1,2.9,0.0,0.1
759,2021-05-11 15:25:53.476191,0.0,76.81,41142.0,0.1,-0.1,1.1,-1.8,0.3,0.2
760,2021-05-11 15:25:54.479097,0.0,86.88,41142.0,0.1,0.1,1.1,-2.3,-0.2,0.2
761,2021-05-11 15:25:56.479880,0.0,94.67,41142.0,0.1,-0.1,1.2,3.2,0.4,0.2
762,2021-05-11 15:25:57.464874,0.0,89.66,41142.0,0.1,-0.1,1.1,-2.0,-0.6,0.1
763,2021-05-11 15:25:59.474585,0.0,98.03,41142.0,0.1,-0.1,1.1,-2.9,-0.3,0.1
764,2021-05-11 15:26:05.575740,0.0,90.85,41198.0,0.1,-0.1,1.2,-2.9,-0.5,0.2
765,2021-05-11 15:26:06.471767,0.0,96.25,41198.0,0.1,0.0,1.1,-1.1,0.1,0.0
766,2021-05-11 15:26:09.480396,0.0,88.65,41198.0,0.1,-0.1,1.2,3.6,0.5,0.3
767,2021-05-11 15:26:12.501761,0.0,81.92,41198.0,0.1,-0.1,1.1,5.0,0.6,0.1
768,2021-05-11 15:26:14.465965,0.0,72.14,41198.0,0.1,0.0,1.1,-3.2,0.4,0.3
769,2021-05-11 15:26:15.475107,0.0,68.55,41198.0,0.1,0.0,1.1,-3.8,-0.4,0.0
770,2021-05-11 15:26:17.532319,0.0,63.86,41198.0,0.1,-0.1,1.2,3.1,0.2,0.2
771,2021-05-11 15:26:21.474168,0.0,60.79,41198.0,0.1,-0.1,1.2,4.0,-0.6,-0.2
772,2021-05-11 15:26:27.584079,0.0,122.35,41198.0,0.1,0.1,1.1,3.9,-0.6,0.4
773,2021-05-11 15:26:29.479792,0.0,307.7,41198.0,0.1,0.1,1.2,-3.4,-2.5,0.3
774,2021-05-11 15:26:30.478157,0.0,119.01,41198.0,0.0,-0.1,1.1,-3.9,-2.0,0.0
775,2021-05-11 15:26:32.475452,0.0,112.61,41198.0,0.2,-0.1,1.2,-4.2,1.9,0.4
776,2021-05-11 15:26:54.483302,0.0,134.03,41198.0,-0.3,0.5,1.5,-12.2,-3.7,0.6
777,2021-05-11 15:26:57.474774,0.0,144.29,41198.0,0.2,-0.3,1.2,6.8,3.8,0.3
778,2021-05-11 15:27:00.545342,0.0,153.15,41198.0,0.3,-0.4,1.1,-4.3,1.2,0.3
779,2021-05-11 15:27:03.473733,0.0,161.94,41300.0,0.2,-0.2,1.3,5.1,-2.4,-0.4
780,2021-05-11 15:27:08.496829,0.0,174.25,41300.0,0.4,0.6,1.4,-5.2,4.9,1.0
781,2021-05-11 15:27:11.474396,0.0,184.29,41300.0,0.2,0.1,1.3,-3.0,4.1,0.5
782,2021-05-11 15:27:15.470801,0.0,197.59,41300.0,0.2,0.4,1.4,8.3,3.4,-0.4
783,2021-05-11 15:27:20.478407,0.0,210.06,41300.0,0.2,-0.1,1.3,6.7,2.0,-0.3
784,2021-05-11 15:27:24.491722,0.0,222.55,41300.0,0.3,-0.2,1.3,7.1,-3.6,0.5
785,2021-05-11 15:27:30.534616,0.0,236.4,41300.0,0.3,0.4,1.3,-23.6,-4.0,-0.8
786,2021-05-11 15:27:36.478709,0.0,249.82,41300.0,0.2,0.2,1.2,-7.4,-2.6,-0.4
787,2021-05-11 15:27:42.498243,0.0,267.0,41300.0,0.3,0.3,1.5,10.0,3.0,0.4
788,2021-05-11 15:27:48.501017,0.0,284.24,41300.0,-0.1,0.4,1.5,-10.5,3.3,-0.6
789,2021-05-11 15:27:51.482209,0.0,248.0,41300.0,0.3,-0.3,1.7,-14.8,3.5,-0.5
790,2021-05-11 15:28:21.581970,0.0,237.0,41300.0,0.4,0.5,1.7,-22.0,8.7,0.7
791,2021-05-11 15:28:39.479482,33.84,31.26,41521.0,0.3,0.4,1.8,-23.5,-6.3,0.9
792,2021-05-11 15:28:41.475490,0.0,19.18,41521.0,-0.2,0.3,1.3,-4.0,-2.0,0.3
793,2021-05-11 15:29:11.476631,0.0,7.08,41521.0,0.2,-0.3,1.2,-10.1,-2.8,-0.3
794,2021-05-11 15:29:12.533268,0.0,74.72,41690.0,0.1,0.0,1.1,0.6,0.2,-0.1
795,2021-05-11 15:29:14.474673,0.0,62.17,41690.0,0.1,0.0,1.1,-0.1,-0.2,0.1
796,2021-05-11 15:29:17.581413,0.0,8.3,41690.0,0.1,0.0,1.1,-0.2,0.0,0.2
797,2021-05-11 15:29:18.477085,0.0,4.13,41690.0,0.1,0.0,1.1,-0.2,-0.1,0.0
798,2021-05-11 15:29:27.494189,0.0,5.15,41690.0,0.1,0.0,1.1,-0.2,-0.2,0.1
799,2021-05-11 15:29:29.537939,0.0,73.62,41690.0,0.1,0.0,1.1,0.1,0.2,0.2
800,2021-05-11 15:29:30.475213,0.0,59.09,41690.0,0.1,0.0,1.1,-0.1,0.1,0.0
801,2021-05-11 15:29:33.477988,0.0,7.16,41690.0,0.1,0.0,1.1,0.2,0.1,-0.1
802,2021-05-11 15:29:35.482267,0.0,4.21,41690.0,0.1,0.0,1.1,0.1,-0.1,0.2
803,2021-05-11 15:29:44.479614,0.0,5.32,41690.0,0.1,0.0,1.1,-0.1,0.1,-0.2
804,2021-05-11 15:29:45.480042,0.0,75.01,41690.0,0.1,0.0,1.1,-0.1,0.0,0.2
805,2021-05-11 15:29:47.483655,0.0,61.38,41690.0,0.1,0.0,1.1,0.2,0.1,0.0
806,2021-05-11 15:29:50.483115,0.0,6.29,41690.0,0.1,0.0,1.1,0.2,0.3,-0.1
807,2021-05-11 15:29:51.596152,0.0,4.1,41690.0,0.1,0.0,1.1,0.2,-0.2,0.1
808,2021-05-11 15:30:00.477663,0.0,6.65,41690.0,0.1,0.0,1.1,0.2,0.2,0.1
809,2021-05-11 15:30:02.477315,0.0,61.84,41712.0,0.1,0.0,1.1,-0.2,-0.1,-0.1
810,2021-05-11 15:30:03.563501,0.0,57.04,41712.0,0.1,0.0,1.1,0.2,-0.1,-0.1
811,2021-05-11 15:30:06.480957,0.0,5.66,41712.0,0.1,0.0,1.1,0.4,-0.1,0.2
812,2021-05-11 15:30:08.597033,0.0,4.01,41712.0,0.1,0.0,1.1,0.1,-0.1,-0.1
813,2021-05-11 15:30:18.688768,0.0,7.52,41712.0,0.1,0.0,1.1,0.2,0.2,0.2
814,2021-05-11 15:30:18.840141,0.0,62.39,41712.0,0.0,0.0,0.0,0.0,0.0,0.0
815,2021-05-11 15:30:23.508663,0.0,5.66,41712.0,0.1,0.0,1.1,-0.3,-0.4,0.1
816,2021-05-11 15:30:24.476039,0.0,4.08,41712.0,0.1,0.0,1.1,-0.1,-0.2,0.1
817,2021-05-11 15:30:33.473735,0.0,8.65,41712.0,0.1,0.0,1.1,-0.3,-0.2,-0.2
818,2021-05-11 15:30:35.480194,0.0,59.65,41712.0,0.1,0.0,1.1,-0.1,-0.2,-0.1
819,2021-05-11 15:30:38.483452,0.0,38.28,41712.0,0.1,0.0,1.1,-0.3,-0.2,-0.1
820,2021-05-11 15:30:39.488559,0.0,4.93,41712.0,0.1,0.0,1.1,0.0,-0.2,-0.1
821,2021-05-11 15:30:42.489329,0.0,3.29,41712.0,0.1,0.0,1.1,0.2,0.1,-0.1
822,2021-05-11 15:30:44.534410,0.0,1.8,41712.0,0.1,0.0,1.1,-0.2,0.1,-0.1
823,2021-05-11 15:31:14.513720,0.0,1.8,41712.0,0.1,0.0,1.1,0.3,-0.2,0.4
824,2021-05-11 15:31:44.489433,33.41,1.92,41727.0,0.1,0.0,1.1,-0.3,-0.3,0.2
825,2021-05-11 15:32:14.505719,33.3,1.86,41727.0,0.1,0.0,1.1,0.2,-0.2,-0.2
826,2021-05-11 15:32:44.506654,33.24,1.91,41729.0,0.1,0.0,1.1,0.3,-0.3,0.2
827,2021-05-11 15:33:05.489037,33.24,0.0,41729.0,1.0,-0.1,1.1,-1.4,-32.0,-0.3
